Pond_Cycle,Connectance,Unique_Nodes,totalEdges,modularity,mean_Distance,harm.centrality,betweenness,pond,cycle,No_Spec,mean_t,sd_t,B,markov_memory,time_memory,total_weight,S,H,J
pond_1_cycle_1,0.23636363636363636,11,26,0.29855371900826444,2.9454545454545453,0.5063636363636363,0.5488888888888889,1,1,7,5.636363636363637,5.839285194749754,0.01768279609915789,0,0.22913052947232712,44,26,3.0930226018668407,0.9493342403368795
pond_1_cycle_2,0.2857142857142857,8,16,0.21767713659605556,2.5357142857142856,0.5714285714285714,0.717687074829932,1,2,5,8.64864864864865,15.100066622767331,0.27165334631316357,0,0.04445688139108974,37,16,2.14767492986898,0.7746099926908824
pond_1_cycle_3,0.40476190476190477,7,17,0.012471655328798173,3.5,0.5571428571428572,0.3759259259259259,1,3,4,8,8.837282442901197,0.049727884873381395,0,0.12611558071320067,42,17,2.6114897782139184,0.9217413096308295
pond_1_cycle_4,0.1,20,38,0.3563265306122449,6.1078947368421055,0.39478696741854635,0.3755001538935057,1,4,7,4.942857142857143,6.376782420411338,0.12667587775561268,0,-0.126976455112843,70,38,3.248700868631265,0.8930924866053559
pond_1_cycle_5,0.2222222222222222,10,20,0.24677685950413225,5.044444444444444,0.4437149270482603,0.8873456790123457,1,5,6,5.236363636363636,4.895060383858014,-0.03368758940741241,0,-0.20262974220990296,55,20,2.680303147709381,0.8947071710549087
pond_1_cycle_6,0.17307692307692307,13,27,0.30493827160493825,4.871794871794871,0.4538461538461538,0.6963383838383839,1,6,6,6.2444444444444445,5.677529694712608,-0.0475520868536224,0,-0.07934224073806326,45,27,3.14402071649352,0.9539369951599389
pond_1_cycle_7,0.11904761904761904,15,25,0.35045970795024334,5.5476190476190474,0.3872335600907029,0.5341444270015698,1,7,7,6.5813953488372094,9.654095006141016,0.1892581985589143,0,0.0011140315635825033,43,25,3.075640075603674,0.9555013125520642
pond_1_cycle_8,0.13333333333333333,15,28,0.3078889700511322,4.530612244897959,0.44999999999999996,0.3649921507064364,1,8,6,6.081081081081081,7.66441408349283,0.11518922988619963,0,-0.18878920328195692,37,28,3.2362437609901997,0.9712020228974606
pond_1_cycle_9,0.17424242424242425,12,23,0.23940000000000006,6.886363636363637,0.3945165945165946,0.5355371900826447,1,9,5,5.2,6.411087334947679,0.10430438597274884,0,-0.12003848344791804,50,23,2.948771015422701,0.9404485584575967
pond_1_cycle_10,0.17424242424242425,12,23,0.20374999999999996,5.151515151515151,0.42581168831168836,0.5669421487603306,1,10,5,7.2,8.416101783531925,0.07787486277877453,0,-0.07334202143064003,40,23,2.991146021799647,0.9539631763961881
pond_1_cycle_11,0.32142857142857145,8,18,0.22444444444444447,2.7551020408163267,0.5625,0.20634920634920634,1,11,5,7.933333333333334,12.314648785598543,0.2163828191140428,0,-0.14712048812196968,30,18,2.7283960237068645,0.9439602418800278
pond_1_cycle_12,0.2638888888888889,9,19,0.20184089414858647,4.236111111111111,0.5694444444444444,0.3258928571428571,1,12,4,6.487179487179487,6.552909337288747,0.005040598342085296,0,-0.04384207313401493,39,19,2.6476343171277406,0.8991982295646949
pond_1_cycle_13,0.1111111111111111,19,38,0.39854318418314255,4.716374269005848,0.4237932794950338,0.3754538852578068,1,13,7,4.354838709677419,4.687257837918961,0.03676350130655341,0,0.22825009092620857,62,38,3.4386401346445328,0.9453082301432505
pond_1_cycle_14,0.11403508771929824,19,39,0.35215794306703396,5.347953216374269,0.3832660354590179,0.39239893488259503,1,14,10,4.9393939393939394,5.772291340477135,0.07775596270069099,0,-0.06521617461872115,66,39,3.514732474965664,0.9593758245282396
pond_1_cycle_15,0.08771929824561403,19,30,0.4669187145557656,9.941520467836257,0.35107908660540244,0.3331517792302106,1,15,10,5.478260869565218,4.93846188575972,-0.05182042341767781,0,-0.24941559427438634,46,30,3.2520535066749283,0.9561495972590862
pond_1_cycle_16,0.13736263736263737,14,25,0.33179012345679015,4.527472527472527,0.3884877027734171,0.5941814595660749,1,16,8,8.527777777777779,15.719843894374144,0.29660913609751505,0,-0.07700658074337671,36,25,3.1308596534603352,0.9726562389490532
pond_1_cycle_17,0.13736263736263737,14,25,0.4096876414667269,5.181318681318682,0.39124803767660915,0.4635108481262327,1,17,9,6.957446808510638,8.917392499586096,0.1234623956209633,0,-0.1720853634312497,47,25,2.912664101914594,0.9048699795786175
pond_1_cycle_18,0.15416666666666667,16,37,0.3941736028537455,4.595833333333333,0.44800595238095237,0.3915343915343915,1,18,7,5.482758620689655,6.053102377859985,0.04944093529230609,0,-0.12090942112736519,58,37,3.4804781000770246,0.9638762730909936
pond_1_cycle_19,0.11764705882352941,18,36,0.39566847147022066,4.392156862745098,0.4260607946882456,0.4390138408304498,1,19,8,6.612244897959184,8.504450615537069,0.1251732374901985,0,0.25827405796249486,49,36,3.4743791278410843,0.9695439559579818
pond_1_cycle_20,0.1794871794871795,13,28,0.26,4.288461538461538,0.45619658119658113,0.6477272727272727,1,20,8,6.46,9.282878687922938,0.17931146799019,0,0.03230848660246966,50,28,3.13605626450767,0.9411355920476739
pond_1_cycle_21,0.12380952380952381,15,26,0.5546875,7.338095238095238,0.3071923314780458,0.39521193092621665,1,21,7,6.166666666666667,7.724879213634879,0.11216984491105376,0,-0.024212941269255377,48,26,3.137707068438755,0.9630491398343172
pond_1_cycle_22,0.09064327485380116,19,31,0.45841209829867674,6.333333333333333,0.33541302751829066,0.631717501815541,1,22,9,6.086956521739131,10.215078369104983,0.2532273961506716,0,-0.00518408661869564,46,31,3.274803425969039,0.9536446209501898
pond_2_cycle_1,0.19090909090909092,11,21,0.31975014872099944,4.609090909090909,0.4318181818181819,0.38666666666666666,2,1,7,8.170731707317072,8.396137323270715,0.013605806597340188,0,-0.008580424177421029,41,21,2.8593218430861427,0.9391692462691238
pond_2_cycle_2,0.13725490196078433,18,42,0.36444642459345067,4.454248366013072,0.42331154684095856,0.5513840830449828,2,2,9,4.268656716417911,4.114210736755165,-0.018424003543594712,0,-0.13024918239067296,67,42,3.499762293810743,0.9363487550347237
pond_2_cycle_3,0.13186813186813187,14,24,0.4453125,3.857142857142857,0.47435897435897434,0.4349112426035503,2,3,8,9.1875,11.23771730924838,0.10037676849195906,0,-0.24829260015210694,32,24,3.059489109242115,0.9626926643049184
pond_2_cycle_4,0.15714285714285714,15,33,0.49167657550535077,5.752380952380952,0.399448223733938,0.4619309262166406,2,4,9,6.068965517241379,7.546027347925012,0.10848788870559438,0,-0.19911024105830138,58,33,3.3253511636304567,0.9510493271279418
pond_2_cycle_5,0.09803921568627451,18,30,0.4710648148148149,4.570934256055363,0.42145969498910674,0.548226643598616,2,5,8,7.527777777777778,10.255273517592542,0.15337613857779553,0,-0.10677281817152777,36,30,3.337935207609335,0.9814000285917236
pond_2_cycle_6,0.1375,16,33,0.3825614366729679,3.925,0.44069444444444444,0.5831746031746031,2,6,8,5.934782608695652,6.495818052709993,0.04513341384670456,0,0.05965036232367984,46,33,3.3953507617185945,0.9710691889064701
pond_2_cycle_7,0.14761904761904762,15,31,0.38713842975206614,4.243589743589744,0.43773242630385484,0.3434065934065934,2,7,8,4.090909090909091,4.679585460761091,0.06712008842647274,0,-0.22104569097321278,44,31,3.32703465051788,0.9688547022459562
pond_2_cycle_8,0.08771929824561403,19,30,0.4969723183391004,5.076023391812866,0.42215260373155106,0.5374001452432825,2,8,8,6.5588235294117645,7.071887050339741,0.03764026225383545,0,0.07726685210965166,34,30,3.3632670703667626,0.9888479535178119
pond_2_cycle_9,0.20909090909090908,11,23,0.33300460223537154,3.8636363636363638,0.47441558441558446,0.5198148148148148,2,9,6,6.564102564102564,6.715241390789478,0.011381498001731875,0,-0.04731402421444029,39,23,3.0190296315057545,0.9628560678467453
pond_2_cycle_10,0.15151515151515152,12,20,0.4546485260770975,6.257575757575758,0.30035944695035605,0.5190082644628099,2,10,7,8.142857142857142,8.811221859766153,0.03942205983619606,0,-0.0932591329324118,42,20,2.7387236427132677,0.9142084113758868
pond_2_cycle_11,0.3,6,9,0.23456790123456786,4.366666666666666,0.5211111111111112,0.4,2,11,4,16,30.0920157477811,0.30573659058205754,0,-0.005558870235320754,18,9,2.0330001999799117,0.9252582648809602
pond_2_cycle_12,0.15555555555555556,10,14,0.23372781065088763,6.477777777777778,0.38767195767195767,0.3765432098765432,2,12,4,9,12.267028980156523,0.15361943519261043,0,0.2240829346092504,26,14,2.428468264953074,0.9202029215890943
pond_2_cycle_13,0.125,16,30,0.4628988850442138,5.95,0.40094246031746034,0.45841269841269844,2,13,7,5.764705882352941,5.229104073525857,-0.04871848894756253,0,-0.11315754085731947,51,30,3.19465910811496,0.9392748346036122
pond_2_cycle_14,0.10833333333333334,16,26,0.43010113027959546,6.25,0.3575496031746032,0.4174603174603175,2,14,7,7.414634146341464,9.625423652380444,0.12974072812152088,0,-0.15786737218975408,41,26,3.113242788007546,0.955540375086031
pond_2_cycle_15,0.052307692307692305,26,34,0.5701241782322863,7.2832,0.3124034854034854,0.37366666666666665,2,15,10,5.621621621621622,9.241666971299518,0.24355615024537675,0,-0.15364092809433916,37,34,3.484373825424651,0.9880934751570585
pond_2_cycle_16,0.07971014492753623,24,44,0.4766803840877915,5.920289855072464,0.34684408787669657,0.4347826086956523,2,16,9,4.962962962962963,4.617288933231491,-0.0360819353683992,0,-0.17087321358332244,54,44,3.7128833076989407,0.9811567777734522
pond_2_cycle_17,0.09090909090909091,22,42,0.39759999999999995,4.426406926406926,0.42803545660688513,0.2603930461073319,2,17,6,6.22,13.132433754888337,0.3571867932704995,0,0.06207621252032406,50,42,3.652025057551275,0.9770861072596811
pond_2_cycle_18,0.11578947368421053,20,44,0.5668934240362812,5.160526315789474,0.40598997493734335,0.5278547245306248,2,18,9,4.73015873015873,6.560405055370239,0.16210406849278172,0,-0.0016436585709032434,63,44,3.672731079926735,0.9705462556652801
pond_2_cycle_19,0.09210526315789473,20,35,0.47230320699708456,6.368421052631579,0.30214512096091045,0.43059402893197907,2,19,9,6,7.580127527511218,0.11635586811023138,0,-0.15953589557650472,49,35,3.453022060748654,0.9712191327062665
pond_2_cycle_20,0.16483516483516483,14,30,0.4350270720533111,4.857142857142857,0.46684981684981686,0.2764628533859303,2,20,6,5.26530612244898,5.353252555705743,0.008282332463603867,0,0.06134504881087299,49,30,3.168100242034817,0.9314661533952421
pond_2_cycle_21,0.07789855072463768,24,43,0.628,6.079710144927536,0.36934523809523806,0.35744973363120813,2,21,9,4.62,4.1200851982472795,-0.05719793233285331,0,-0.16390888912869298,50,43,3.7179417948713613,0.9884987983910491
pond_2_cycle_22,0.09210526315789473,20,35,0.3800499791753436,5.255263157894737,0.3768170426065163,0.6605109264389043,2,22,9,6.816326530612245,9.523377966412783,0.16567321864929754,0,0.0077882536754450594,49,35,3.3950259343959655,0.9549067702175169
pond_3_cycle_1,0.14743589743589744,13,23,0.24392361111111108,6.0256410256410255,0.4019688644688645,0.4564393939393939,3,1,6,4.75,4.755735618870728,6.033850614718639e-4,0,0.035299876012820496,48,23,2.8952525399038427,0.9233799651726943
pond_3_cycle_2,0.3,6,9,0.050612244897959194,7.3,0.5800000000000001,0.61,3,2,4,9.17142857142857,13.528805247639994,0.19195294246489902,0,-0.3046413605177631,35,9,1.818705736111694,0.8277286513500507
pond_3_cycle_3,0.35,5,7,0,6.375,0.49,0.4270833333333333,3,3,3,9.384615384615385,12.063422144903736,0.12489752298323267,0,-0.29448735286897676,26,7,1.6041647202725082,0.8243775906360769
pond_3_cycle_4,0.14743589743589744,13,23,0.3988312636961286,4.666666666666667,0.4387973137973138,0.5713383838383839,3,4,7,6.351351351351352,9.440504389232766,0.19561684760977627,0,-0.11361432452036183,37,23,2.8799370727735156,0.9184954187262298
pond_3_cycle_5,0.2222222222222222,9,16,0.3232,3.5277777777777777,0.4564814814814815,0.7053571428571429,3,5,6,10.72,21.29460025452462,0.33030555341793194,0,-0.1281668130446376,25,16,2.6089063059754487,0.9409640474436811
pond_3_cycle_6,0.5,3,3,0,2.5,0.611111111111111,0.5,3,6,2,16.833333333333332,27.021596301230367,0.23231739402603638,0,-0.2843204195612652,6,3,1.0114042647073518,0.920619835714305
pond_3_cycle_7,0.19642857142857142,8,11,0.387523629489603,5.660714285714286,0.45668934240362813,0.2789115646258503,3,7,5,10.652173913043478,21.56514168672164,0.33872989013888305,0,-0.1913538275865,23,11,2.1718940110341447,0.9057501533415677
pond_3_cycle_8,0.22727272727272727,11,25,0.282314764737696,4.236363636363636,0.4857575757575758,0.6566666666666666,3,8,6,5.511627906976744,7.359386921357666,0.1435596989845154,0,-0.09932788057780467,43,25,3.035498391075518,0.943030597087357
pond_3_cycle_9,0.1893939393939394,12,25,0.17708333333333334,4.946969696969697,0.4788239538239538,0.5388429752066116,3,9,6,5.604166666666667,6.410561708496356,0.06711720953231683,0,-0.27509725343254643,48,25,3.0245623008690097,0.9396331096409576
pond_3_cycle_10,0.2361111111111111,9,17,0.12897959183673471,5.416666666666667,0.3990740740740741,0.734375,3,10,6,10.114285714285714,17.034172278396273,0.2548905932696381,0,-0.12218862766222405,35,17,2.6961608804416506,0.9516264936764868
pond_3_cycle_11,0.23214285714285715,8,13,0.22189349112426038,2.1020408163265305,0.6547619047619047,0.6054421768707483,3,11,5,17.153846153846153,37.686969794714095,0.3744131681069017,0,-0.1925895620030645,13,13,2.564949357461537,1.0000000000000002
pond_3_cycle_12,0.20833333333333334,9,15,0.1323251417769376,4.180555555555555,0.4080026455026455,0.65625,3,12,6,8.695652173913043,11.542155079252652,0.14065273325964428,0,-0.24434821318109104,23,15,2.532757537181371,0.9352697878903823
pond_3_cycle_13,0.2361111111111111,9,17,0.2107166337935569,5.140350877192983,0.44675925925925924,0.43638392857142855,3,13,6,8.384615384615385,8.82167004303483,0.02540087227177491,0,4.161897825408386e-4,39,17,2.6103133984056424,0.9213260991735075
pond_3_cycle_14,0.18888888888888888,10,17,0.39455782312925164,3.311111111111111,0.574074074074074,0.5771604938271605,3,14,5,10.238095238095237,12.425396419852213,0.09651210037575787,0,0.22493003780223914,21,17,2.7555497906641797,0.9725881732291829
pond_3_cycle_15,0.11403508771929824,19,39,0.4734781060875757,4.090643274853801,0.4400584795321637,0.39161220043572986,3,15,8,4.679245283018868,3.9651054157373946,-0.08261347695949248,0,-0.31393212057094544,53,39,3.505886245126325,0.956961171604715
pond_3_cycle_16,0.18181818181818182,12,24,0.3798334324806663,4.9393939393939394,0.44220779220779227,0.540495867768595,3,16,5,6.219512195121951,6.930051208764446,0.05403517910202956,0,-0.23273650108990607,41,24,3.0039555662607818,0.9452185918235051
pond_3_cycle_17,0.15934065934065933,14,29,0.3344,5.175824175824176,0.3725579975579976,0.39579224194608803,3,17,7,4.56,5.406571964578227,0.08494113799478827,0,-0.050044682752457555,50,29,3.266989596506046,0.9702116361184604
pond_3_cycle_18,0.43333333333333335,6,13,0.1289437585733882,3.3666666666666667,0.5633333333333334,0.38,3,18,3,7.592592592592593,9.947010603343093,0.13423439427045142,0,-0.2890091854070086,27,13,2.4036052999745996,0.9370965913936737
pond_3_cycle_19,0.32142857142857145,8,18,0.3086734693877551,3.0357142857142856,0.5321428571428571,0.4523809523809524,3,19,6,9.071428571428571,10.683766056164705,0.08161587446392883,0,0.2477547820680238,28,18,2.781037080086184,0.9621727974917791
pond_3_cycle_20,0.4,6,12,0.26397146254458975,4.166666666666667,0.462936507936508,0.49,3,20,3,9.137931034482758,12.625722434580679,0.16025762425668746,0,-0.29530691105835377,29,12,2.3162416617345962,0.9321242155846
pond_3_cycle_21,0.18181818181818182,11,20,0.43944636678200694,6.054545454545455,0.5330303030303031,0.42777777777777776,3,21,5,9.5,9.142806412196919,-0.019159861444969475,0,-0.20645278230922604,34,20,2.7105668130337555,0.9048094307232839
pond_3_cycle_22,0.18055555555555555,9,13,0.16884661117716998,5.388888888888889,0.37848324514991183,0.6651785714285714,3,22,5,9.758620689655173,12.19969312381549,0.11116848292161687,0,-0.2763628239499553,29,13,2.3186286089429395,0.9039666230438271
pond_4_cycle_1,0.20454545454545456,12,27,0.18718877320054322,3.121212121212121,0.563131313131313,0.3487603305785124,4,1,6,7.0212765957446805,9.669515885777834,0.1586646825167156,0,-0.2111085432810181,47,27,2.959285763209004,0.8978859948237247
pond_4_cycle_2,0.18181818181818182,12,24,0.20434265318262937,3.75,0.5522727272727272,0.7132231404958678,4,2,6,7.975609756097561,11.980166536567948,0.200671561042815,0,-0.09704999823157784,41,24,2.853549442016314,0.8978921045223127
pond_4_cycle_3,0.19696969696969696,12,26,0.2455621301775148,3.7196969696969697,0.46590909090909094,0.47851239669421486,4,3,7,6.1923076923076925,7.316482765669022,0.08321804064238209,0,0.06299482272436464,52,26,2.8952702332795437,0.8886385653378248
pond_4_cycle_4,0.16483516483516483,14,30,0.2727272727272727,3.3076923076923075,0.5192307692307693,0.34664694280078895,4,4,9,7.045454545454546,8.498849567713858,0.09350016647114258,0,-0.20318244959472062,44,30,3.1875426719431967,0.9371825020003555
pond_4_cycle_5,0.35714285714285715,7,15,0.09733700642791554,4.642857142857143,0.5007936507936508,0.6888888888888889,4,5,4,7.9393939393939394,9.273414264509707,0.07750160864589363,0,-0.2840447570043666,33,15,2.532942598697317,0.9353381254403548
pond_4_cycle_6,0.25,9,18,0.23087369850611142,5.430555555555555,0.382473544973545,0.7254464285714286,4,6,6,5.74468085106383,4.874369904012936,-0.08195750892656901,0,-0.01808349269310659,47,18,2.712228293788935,0.9383665912107805
pond_4_cycle_7,0.1893939393939394,12,25,0.43904958677685946,5.734848484848484,0.44252044252044254,0.3347107438016529,4,7,5,6.136363636363637,5.48821532008149,-0.05575671331500467,0,0.0854650083355547,44,25,3.0274131172447594,0.9405187655440915
pond_4_cycle_8,0.14166666666666666,16,34,0.191,4.004166666666666,0.46007936507936503,0.5725925925925925,4,8,7,6,7.607729688968199,0.11814826761818961,0,-0.09667776191122138,50,34,3.40928803402151,0.9668007596564748
pond_4_cycle_9,0.19696969696969696,12,26,0.24354911724762335,5.484848484848484,0.40485209235209235,0.4553719008264463,4,9,6,6.382978723404255,6.045311483647478,-0.02716924324515584,0,-0.09570698121804282,47,26,3.125743679372662,0.9593772446260316
pond_4_cycle_10,0.11764705882352941,18,36,0.37120000000000003,4.029411764705882,0.4643790849673202,0.28027681660899656,4,10,9,5.7,6.6432411563350975,0.07641762357134084,0,-0.02200665864001091,50,36,3.482000732813413,0.971670805321198
pond_4_cycle_11,0.13186813186813187,14,24,0.31866825208085614,3.956043956043956,0.4727106227106227,0.6050295857988166,4,11,6,8.413793103448276,9.810771199405966,0.07665357990143572,0,0.11161164934323944,29,24,3.1102365213877152,0.9786607425234186
pond_4_cycle_12,0.2638888888888889,9,19,0.33875,3.515625,0.48333333333333334,0.42745535714285715,4,12,5,6.55,6.924316128409639,0.02777997227038631,0,-0.3391818179159158,40,19,2.692758620775114,0.9145234932114042
pond_4_cycle_13,0.07142857142857142,28,54,0.5639384240207286,7.904761904761905,0.32904955127177343,0.4584432485667053,4,13,9,4.432098765432099,7.240404463158357,0.24059155459024725,0,0.01213114947130443,81,54,3.788339683232074,0.9497003846117118
pond_4_cycle_14,0.15384615384615385,14,28,0.4726353361094587,4.016483516483516,0.4047880690737834,0.398422090729783,4,14,6,6.195121951219512,6.990062632749159,0.060290447696589894,0,0.10038174415274125,41,28,3.2357288685127905,0.9710475028264874
pond_4_cycle_15,0.06833333333333333,25,41,0.5452446906740536,7.8116666666666665,0.3196481481481481,0.3854921497584541,4,15,9,5.7368421052631575,5.887414894105761,0.012953325864249026,0,-0.059177305371969254,57,41,3.5613791517319364,0.9590171101466092
pond_4_cycle_16,0.09285714285714286,21,39,0.3867239989250202,5.033333333333333,0.42365079365079367,0.32460526315789473,4,16,7,5.065573770491803,5.421773548876838,0.03396471648528169,0,-0.1751703340495235,61,39,3.435613040200066,0.9377795085909375
pond_4_cycle_17,0.10276679841897234,23,52,0.5054083288263926,6.08498023715415,0.35155621716886537,0.3584202413747868,4,17,8,4,3.6299408518921203,-0.0485009196389917,0,-0.13214285714285715,86,52,3.687232672256342,0.9331827988530481
pond_4_cycle_18,0.1125,16,27,0.5257999999999999,6.108333333333333,0.38035052910052913,0.24095238095238095,4,18,7,5.68,5.254502442512264,-0.03891329849938518,0,0.038846148306974686,50,27,2.9413949732161426,0.8924576952081096
pond_4_cycle_19,0.19696969696969696,12,26,0.3768,5.598484848484849,0.4390692640692641,0.4793388429752067,4,19,6,5.06,4.687847946269902,-0.038177868159351494,0,-0.2006457959232033,50,26,3.0729083859492614,0.9431606307820828
pond_4_cycle_20,0.35714285714285715,7,15,0.3181818181818182,4.928571428571429,0.41487493987493984,0.5277777777777778,4,20,5,7.840909090909091,8.512489270063059,0.04106670456684483,0,-0.12969460025237234,44,15,2.401448636512394,0.8867814324619886
pond_4_cycle_21,0.2222222222222222,10,20,0.3992382271468144,5.544444444444444,0.424673721340388,0.4660493827160494,4,21,5,5.421052631578948,5.86160931203068,0.03904722862863569,0,-0.25763074949790143,38,20,2.778094317917498,0.9273506656259713
pond_4_cycle_22,0.18055555555555555,9,13,0.12647928994082838,5.368421052631579,0.36493606701940035,0.47767857142857145,4,22,6,9.576923076923077,12.27411284589832,0.12343532720836717,0,-0.13733960270113965,26,13,2.3751492510638474,0.9260023961699074
pond_5_cycle_1,0.09941520467836257,19,34,0.35061728395061736,3.91812865497076,0.42738791423001943,0.7928467683369644,5,1,9,5.511111111111111,4.595562198381382,-0.09058855319581946,0,-0.08923282921791353,45,34,3.4137285204154804,0.96805998609205135
pond_5_cycle_2,0.08166666666666667,25,49,0.4001040582726327,3.72,0.44955555555555554,0.5720737721417068,5,2,10,4.903225806451613,7.327714463572593,0.19822586028508027,0,-0.11054959104050927,62,49,3.713263470301602,0.9541199710850706
pond_5_cycle_3,0.10256410256410256,13,16,0.4151234567901234,4.373983739837398,0.4715811965811965,0.45454545454545453,5,3,6,8.777777777777779,9.496473373623902,0.039328319934521495,0,-0.03128181170611953,18,16,2.707269709784813,0.9764411461638632
pond_5_cycle_4,0.07264957264957266,27,51,0.5137741046831956,4.994301994301995,0.3960385293718627,0.3422189349112427,5,4,10,4.151515151515151,5.67922644852387,0.15540142943057875,0,0.49105284458834414,66,51,3.7998181028879667,0.9664258941857266
pond_5_cycle_5,0.0868421052631579,20,33,0.43650793650793646,4.775623268698061,0.440438596491228,0.6171129578331794,5,5,10,6.142857142857143,8.164681310738548,0.1413118108638241,0,-0.04028957709274127,42,33,3.395141243165191,0.971009266669861
pond_5_cycle_6,0.14743589743589744,13,23,0.37934027777777785,5.301282051282051,0.43504273504273505,0.5893308080808081,5,6,8,5.354166666666667,5.2002028738384825,-0.01458768259319595,0,-0.2599443829322591,48,23,2.899578881718965,0.9247597609934435
pond_5_cycle_7,0.06527093596059114,29,53,0.582535085765204,6.322660098522167,0.34151516928610515,0.16334404132023178,5,7,10,4.298507462686567,4.345024759747895,0.0053817462426519955,0,0.07385846389727371,67,53,3.856984745741872,0.9714612501354146
pond_5_cycle_8,0.11397058823529412,17,31,0.4026465028355388,6.448529411764706,0.3857317927170869,0.4837239583333333,5,8,9,4.6521739130434785,4.605394862088244,-0.005053060051889163,0,-0.07372744112237044,46,31,3.2806855260679266,0.9553575277691799
pond_5_cycle_9,0.05517241379310345,30,48,0.5683391003460208,7.126436781609195,0.31299232057852744,0.5645914727365381,5,9,10,3.661764705882353,3.6838100576475554,0.0030011745132124614,0,-0.2835169100878257,68,48,3.742919198565489,0.9668625287137139
pond_5_cycle_10,0.059770114942528735,30,52,0.5135275754422477,6.7011494252873565,0.34651523444626886,0.27284695090878197,5,10,10,3.370967741935484,5.077219682450267,0.2019666296216009,0,0.2539561711478782,62,52,3.8642999614991576,0.9779958506043549
pond_5_cycle_11,0.07166666666666667,25,43,0.3704706372344856,4.636528028933093,0.3841891534391534,0.5575935990338164,5,11,10,3.4285714285714284,3.5355339059327378,0.015359112509593443,0,-0.05279851506449095,49,43,3.700712901085148,0.9839181078517912
pond_5_cycle_12,0.06613756613756613,28,50,0.49018051973814725,6.419312169312169,0.3607111363063743,0.48904364953747675,5,12,10,3.4788732394366195,5.291122362517312,0.20664196486905057,0,0.26602276178847567,71,50,3.770989305672119,0.9639486527660152
pond_5_cycle_13,0.06884057971014493,24,38,0.5321361058601134,6.074275362318841,0.3680426155969634,0.3205018044337515,5,13,9,4.543478260869565,4.865783124084757,0.0342540025225111,0,0.17867451433993278,46,38,3.5460349314055395,0.9748318735829662
pond_5_cycle_14,0.04939516129032258,32,49,0.5763636363636363,5.636949516648765,0.34237231182795685,0.41172389871661463,5,14,10,3.6545454545454548,4.247954548381826,0.07509131206789725,0,0.6108595542058155,55,49,3.856101073110301,0.9908219747408004
pond_5_cycle_15,0.07230769230769231,26,47,0.5571597633136095,6.52,0.3712735042735042,0.4856,5,15,11,4.184615384615385,4.318898541918369,0.01579149025486704,0,0.19605699332664883,65,47,3.6771427788933764,0.9550654050925629
pond_5_cycle_16,0.06769230769230769,26,44,0.48285322359396426,5.633846153846154,0.3621098901098901,0.5046666666666667,5,16,8,4.962962962962963,9.356589773377992,0.30682709797664554,0,0.17350174614592898,54,44,3.722573088139025,0.9837173736678105
pond_5_cycle_17,0.04789915966386555,35,57,0.6076869806094183,7.26218487394958,0.29752110634463563,0.49646115130544194,5,17,10,4.197368421052632,4.920758036026848,0.07933533477291967,0,-0.00273375663286227,76,57,3.8976627938658908,0.9640399133383908
pond_5_cycle_18,0.06125356125356125,27,43,0.6257396449704141,6.833333333333333,0.37506444173110837,0.48372781065088755,5,18,11,6.134615384615385,8.090247932781562,0.13747988325303953,0,-0.05360671509802454,52,43,3.657989142190681,0.9725590316047703
pond_5_cycle_19,0.0465587044534413,39,69,0.608070837567136,8.56072874493927,0.2894282617966827,0.4363910309201168,5,19,10,3.710843373493976,5.2348040718150015,0.17035778658147072,0,2.6808788993383432e-5,83,69,4.172399434986869,0.9854261886082953
pond_5_cycle_20,0.06403940886699508,29,52,0.43550902205390957,5.975369458128079,0.3597857533818124,0.5577443940539178,5,20,10,3.701492537313433,5.2281723018056425,0.17096719664148322,0,0.5662552998611484,67,52,3.850208228208699,0.9744294461266484
pond_5_cycle_21,0.08333333333333333,24,46,0.511404958677686,4.684782608695652,0.40129830917874393,0.34120982986767484,5,21,8,5.636363636363637,7.672373809018945,0.15298296934708067,0,0.10021517845465147,55,46,3.7709714144353152,0.9849372202613011
pond_5_cycle_22,0.08771929824561403,19,30,0.47546487603305787,6.5964912280701755,0.38215678084099136,0.5495642701525054,5,22,9,7.113636363636363,10.439673676382064,0.1894820580940533,0,-0.19937093254986285,44,30,3.2681905902436523,0.9608941274224129
pond_6_cycle_1,0.059113300492610835,29,48,0.5805555555555556,7.753826530612245,0.33353396740096236,0.26469198790627363,6,1,10,4.6,7.272422952030523,0.22509499222089813,0,0.023227819763033987,60,48,3.790923282809895,0.9792628365533597
pond_6_cycle_2,0.04048582995951417,39,60,0.5344352617079888,6.763850415512465,0.31366503866503853,0.4292412218312495,6,2,12,3.742424242424242,5.486516636433795,0.18898077438170374,0,0.107421973686903,66,60,4.055699979746366,0.9905614728100068
pond_6_cycle_3,0.0641025641025641,27,45,0.5293367346938777,5.535612535612535,0.3446174196174196,0.5358284023668639,6,3,11,3.7857142857142856,4.034912574086269,0.031864234522287156,0,-0.1313539979952422,56,45,3.6941896400508076,0.9704536848166179
pond_6_cycle_4,0.06461538461538462,26,42,0.6521739130434783,6.070769230769231,0.37305250305250304,0.5456,6,4,10,6.608695652173913,10.619642724414174,0.23281102243097407,0,-0.012033682827906508,46,42,3.696719101092484,0.9890438371035876
pond_6_cycle_5,0.07792207792207792,22,36,0.49123447772096424,3.9968652037617556,0.38520923520923517,0.4365079365079365,6,5,10,5.324324324324325,7.813997604207373,0.1894970524718515,0,0.17064871820611088,37,36,3.573450497478822,0.9971903480488857
pond_6_cycle_6,0.12083333333333333,16,29,0.44156804733727806,4.416666666666667,0.41722222222222227,0.6250793650793651,6,6,9,5.211538461538462,6.940465426167401,0.1422750503213785,0,-0.12109980309715479,52,29,3.077243356052452,0.9138618973269161
pond_6_cycle_7,0.0465587044534413,39,69,0.5472492379155175,5.933873144399461,0.32968211126105845,0.3557404357265853,6,7,10,3.2409638554216866,3.1875916493597294,-0.008302363730430607,0,0.1538450415015762,83,69,4.151603140592764,0.9805145751730817
pond_6_cycle_8,0.06613756613756613,28,50,0.5926388888888889,5.805555555555555,0.3326688082640463,0.5195209454468712,6,8,10,3.85,4.344585564678587,0.06035516509955263,0,0.07579872578348049,60,50,3.837133094847225,0.9808564749039034
pond_6_cycle_9,0.05042016806722689,35,60,0.6153540964094425,7.211764705882353,0.33621715352807774,0.48086400335535284,6,9,11,3.408450704225352,4.791592233988711,0.16867491306876028,0,0.10310460255629209,71,60,4.025792800934099,0.9832569632950489
pond_6_cycle_10,0.07846153846153846,26,51,0.52685546875,5.444615384615385,0.38998534798534795,0.5902,6,10,10,4.1875,3.890872509976251,-0.03671871898175455,0,-0.2175582918273685,64,51,3.8392796873720534,0.9764623475206992
pond_6_cycle_11,0.054187192118226604,29,44,0.573559670781893,6.4706814580031695,0.3196389475330361,0.23167044595616024,6,11,10,3.962962962962963,4.450833981477836,0.057984643762673836,0,-0.05765215358840007,54,44,3.7031935272588563,0.9785961818790939
pond_6_cycle_12,0.05806451612903226,31,54,0.5211111111111112,6.535555555555556,0.3464925755248335,0.39963090676883783,6,12,9,3.966666666666667,5.501823015798958,0.16213318075164565,0,-0.036959392128620074,60,54,3.9469943237140357,0.9894735796483306
pond_6_cycle_13,0.04942528735632184,30,43,0.6312934027777778,6.1893939393939394,0.28505891936926414,0.24813147613385425,6,13,10,4.083333333333333,7.127511377733207,0.2715386862325263,0,-0.11254030160311,48,43,3.7267953482912355,0.9908527155312015
pond_6_cycle_14,0.04480796586059744,38,63,0.5788897005113222,6.551209103840683,0.31804849962744686,0.319657495333171,6,14,10,3.3513513513513513,4.67705689109427,0.16512682211823856,0,0.14230267139390798,74,63,4.065118760488389,0.9811698216313878
pond_6_cycle_15,0.05270655270655271,27,37,0.6456000000000001,12.168091168091168,0.2764489625600737,0.34076923076923077,6,15,10,4.6,5.010193690500052,0.04268318659441176,0,0.12350634833618657,50,37,3.463355379085467,0.959134342810164
pond_6_cycle_16,0.046218487394957986,35,55,0.5744042034152749,6.46218487394958,0.32296251834066947,0.4350948935724022,6,16,12,3.6301369863013697,3.952871141177246,0.0425601752563579,0,0.036268073044477316,73,55,3.8810333964018437,0.9684828330980668
pond_6_cycle_17,0.07384615384615385,26,48,0.607810650887574,6.123076923076923,0.34065723165723166,0.5328,6,17,9,4.2615384615384615,5.2686481991260194,0.10567576202304295,0,0.08058943218560935,65,48,3.753062821452452,0.9694828067252099
pond_6_cycle_18,0.06403940886699508,29,52,0.4558619321563182,5.266009852216749,0.3675033231683477,0.5408084530108337,6,18,8,3.8309859154929575,5.99281931145924,0.22006069400023962,0,0.06686142112654735,71,52,3.7869558242904877,0.9584212197495319
pond_6_cycle_19,0.04230769230769231,40,66,0.6027880147412275,8.23076923076923,0.283691877922647,0.3500640160559189,6,19,12,3.367088607594937,3.5488431310740003,0.02628055486187382,0,0.11920136949030471,79,66,4.12807667547857,0.9853023529766867
pond_6_cycle_20,0.04065040650406504,42,70,0.5675800670597757,7.821718931475029,0.3006945596666849,0.41238845925044615,6,20,10,3.043010752688172,3.243434768529993,0.03188192996588375,0,0.12071149231179451,93,70,4.098534100924036,0.964702528170189
pond_6_cycle_21,0.06559139784946237,31,61,0.5747485258411377,7.01505376344086,0.35434715821812585,0.5218710089399744,6,21,10,3.6989247311827955,4.050724428598783,0.04539556438783388,0,0.023182229491386333,93,61,3.7217366360457795,0.9053395358298626
pond_6_cycle_22,0.12380952380952381,15,26,0.23765615704937537,4.285714285714286,0.44074829931972787,0.4998037676609105,6,22,8,6.146341463414634,15.925704027781245,0.44306553138753785,0,0.00490780266774938,41,26,3.0649802520581217,0.9407272670684483
pond_7_cycle_1,0.15151515151515152,12,20,0.2722117202268431,7.6893939393939394,0.33932342909615637,0.6479338842975206,7,1,9,6,9.57078889120432,0.2293261385889959,0,-0.06428918000970403,46,20,2.7243643250884837,0.9094151533963449
pond_7_cycle_2,0.14285714285714285,14,26,0.3980933596318212,4.335164835164835,0.420617477760335,0.6321499013806706,7,2,8,4.051282051282051,4.61661027360482,0.06522095581409376,0,-0.14781887155611834,39,26,3.1122510402133217,0.9552359802399449
pond_7_cycle_3,0.11764705882352941,18,36,0.47351742870076957,4.816993464052287,0.4284313725490196,0.5971020761245674,7,3,7,4.808510638297872,8.080137476963094,0.2538378586650535,0,0.012744945237116905,47,36,3.485067166024883,0.9725265098016636
pond_7_cycle_4,0.2111111111111111,10,19,0.397923875432526,3.2333333333333334,0.5285185185185185,0.5910493827160493,7,4,6,10.588235294117647,14.958766857009067,0.17107805984580718,0,-0.18540311149075395,34,19,2.6901080117827463,0.9136232847129017
pond_7_cycle_5,0.2222222222222222,10,20,0.335180055401662,5.111111111111111,0.445978835978836,0.44907407407407407,7,5,6,8.81578947368421,14.420059720155779,0.2411906790975948,0,-0.15268013684542298,38,20,2.8079264974412923,0.9373088917956294
pond_7_cycle_6,0.19444444444444445,9,14,0.4444444444444444,6.083333333333333,0.35526996151996154,0.41294642857142855,7,6,6,6.888888888888889,7.822231240976042,0.06344468292338813,0,-0.2538177881690398,36,14,2.3356086410188275,0.8850162574373972
pond_7_cycle_7,0.12179487179487179,13,19,0.4424,4.268518518518518,0.4557692307692307,0.3806818181818182,7,7,8,8.64,11.579003987102402,0.1453584948584597,0,-0.19620449668685483,25,19,2.844305326698263,0.9659922813219499
pond_7_cycle_8,0.16025641025641027,13,25,0.4216326530612245,4.673076923076923,0.5055555555555554,0.4595959595959596,7,8,7,5.914285714285715,8.698787706515501,0.19054868965936642,0,0.15402531356033555,35,25,3.1047056010298895,0.9645310257213834
pond_7_cycle_9,0.12083333333333333,16,29,0.4522448979591837,4.066666666666666,0.4248214285714286,0.6215873015873016,7,9,8,5.914285714285715,8.129001923293385,0.15770639085118549,0,0.10405556760297269,35,29,3.2877977056537437,0.9763911077771121
pond_7_cycle_10,0.10416666666666667,16,25,0.28032879818594103,7.849462365591398,0.35589947089947094,0.38973544973544977,7,10,9,5.761904761904762,8.336840144830928,0.18263578779242884,0,-0.17652125060328666,42,25,2.9994834510674395,0.9318419268908131
pond_7_cycle_11,0.13736263736263737,14,25,0.2172309027777778,5.6208791208791204,0.3598028955171813,0.7011834319526628,7,11,7,3.6666666666666665,3.5510461948578174,-0.016018990229604183,0,0.028561949161430608,48,25,3.0301993134637772,0.9413843460667984
pond_7_cycle_12,0.16666666666666666,13,26,0.15386284722222224,4.951388888888889,0.4363400488400488,0.584280303030303,7,12,7,4.208333333333333,5.66421515598881,0.14746768012637423,0,0.14704303579981365,48,26,3.0605225599254826,0.9393590779799366
pond_7_cycle_13,0.12083333333333333,16,29,0.2569035762788592,5.2875,0.42027777777777775,0.5758730158730159,7,13,7,5.531914893617022,7.7875348106690385,0.16934783096378087,0,0.00957167698831569,47,29,3.195867868011052,0.9490903173850007
pond_7_cycle_14,0.13333333333333333,16,32,0.3681972789115647,3.8333333333333335,0.45294642857142853,0.4205291005291005,7,14,8,4.738095238095238,4.924104592663418,0.019251242763168405,0,-0.1662378795078018,42,32,3.3826829540279397,0.9760359845351476
pond_7_cycle_15,0.05982905982905983,27,42,0.43579072532699165,6.8760683760683765,0.3092830009496676,0.3941420118343195,7,15,9,5.0344827586206895,8.335014954345985,0.24687032127797953,0,-0.024164510174575337,58,42,3.5882690597049187,0.9600284204233476
pond_7_cycle_16,0.08225108225108226,22,38,0.5194019223923104,6.837662337662338,0.3809197416340273,0.3929705215419501,7,16,8,4.528301886792453,5.300957002078114,0.07860766757914171,0,-0.13589630291598356,53,38,3.512297529533698,0.9655572061550531
pond_7_cycle_17,0.45,5,9,0.21315192743764172,4.05,0.5166666666666666,0.3333333333333333,7,17,3,13.095238095238095,22.77258167600846,0.26980573791463647,0,0.26618397854991555,21,9,2.0704930404278246,0.942321991927636
pond_7_cycle_18,0.11029411764705882,17,30,0.3163739669421488,5.047794117647059,0.43186274509803924,0.726953125,7,18,10,5.204545454545454,7.2065201274070585,0.1613056235697252,0,-0.14275392583904103,44,30,3.230941365236025,0.9499423299147294
pond_7_cycle_19,0.12083333333333333,16,29,0.30623818525519847,4.925,0.4005720899470899,0.6793650793650794,7,19,8,5.608695652173913,9.212258164157786,0.24313971669036502,0,0.05605985806766736,46,29,3.210541713090484,0.9534480708525631
pond_7_cycle_20,0.3333333333333333,7,14,0.3163265306122449,4.404761904761905,0.5793650793650794,0.5444444444444444,7,20,5,8.5,11.555021355173624,0.15233199212652623,0,-0.30089005048012785,28,14,2.4506787281891613,0.9286189809853201
pond_7_cycle_21,0.07707509881422925,23,39,0.5112456747404844,6.468379446640316,0.3979013739883305,0.577922077922078,7,21,10,4.647058823529412,4.4006943342333855,-0.027229355730671166,0,-0.1900270188173002,68,39,3.2555395113564147,0.8886269226002285
pond_7_cycle_22,0.16666666666666666,13,26,0.35803136830719307,5.07051282051282,0.4215964590964591,0.6357323232323232,7,22,7,6.837209302325581,7.577944917286956,0.05138589595896014,0,-0.3325812361392344,43,26,3.0983673969638397,0.9509747058769965
pond_8_cycle_1,0.10263157894736842,20,39,0.4972565157750343,4.413157894736842,0.39608395989974937,0.4784549092028316,8,1,10,5.018518518518518,7.241105775925467,0.1812932602195825,0,0.2673574784260154,54,39,3.584522718706358,0.9784256592196863
pond_8_cycle_2,0.08166666666666667,25,49,0.481789802289282,4.107638888888889,0.41933333333333334,0.5865224939613527,8,2,10,4.306451612903226,5.591529629357334,0.12983233499850663,0,0.07669417994588736,62,49,3.8111413023700558,0.9792695989124323
pond_8_cycle_3,0.09285714285714286,21,39,0.47048611111111116,4.59047619047619,0.4406802721088436,0.3971710526315789,8,3,8,6.333333333333333,10.725458544645436,0.2574698866560361,0,0.017740039345581327,48,39,3.5894688122077216,0.9797757370890157
pond_8_cycle_4,0.06403940886699508,29,52,0.5557396449704142,6.147783251231527,0.331226231349384,0.39879377676996747,8,4,10,3.8,5.676706791793989,0.19803364533965062,0,0.24214507370054303,65,52,3.872978483344064,0.9801922531709935
pond_8_cycle_5,0.09090909090909091,23,46,0.5160349854227405,3.739669421487603,0.4303030303030303,0.3589630066902794,8,5,10,4.326530612244898,5.676661853230151,0.13497003538071334,0,0.050631504563063416,49,46,3.8069451331441027,0.9943331691066998
pond_8_cycle_6,0.048295454545454544,33,51,0.5503381893860563,7.522849462365591,0.2681268741470947,0.33159022177419356,8,6,10,3.435483870967742,3.2824469468297552,-0.022780366200341517,0,0.03888549568814822,62,51,3.8642999614991576,0.9828258733899193
pond_8_cycle_7,0.13186813186813187,14,24,0.4859467455621302,3.5934065934065935,0.46373626373626375,0.5019723865877712,8,7,7,6.576923076923077,18.70010283805536,0.4796125858283208,0,-0.059552526625008116,26,24,3.1514585102430295,0.991631570286522
pond_8_cycle_8,0.05443548387096774,32,54,0.4699264869681443,5.433638443935926,0.36624343958013306,0.3711758584807495,8,8,12,3.1343283582089554,2.9741080781041287,-0.02622934392054214,0,-0.1070392625628907,67,54,3.8905569931818005,0.9753252827703711
pond_8_cycle_9,0.06461538461538462,26,42,0.552685950413223,5.472,0.3625250305250305,0.3068666666666667,8,9,10,6.704545454545454,10.842593754423673,0.23582466922944778,0,-0.18873361617842285,44,42,3.721176253867357,0.9955872599506036
pond_8_cycle_10,0.038461538461538464,39,57,0.6151020408163266,8.941295546558704,0.2829890869364552,0.45197274837164036,8,10,11,4.7,7.325456903195849,0.2183249189058351,0,0.18171066349936305,70,57,3.8819238604194113,0.960147077852555
pond_8_cycle_11,0.10818713450292397,19,37,0.4377170138888889,4.388888888888889,0.45985797827903085,0.4241103848946986,8,11,8,4.5625,5.136048029536146,0.05913751499600265,0,0.15691576988486478,48,37,3.5137264176328236,0.9730839921142852
pond_8_cycle_12,0.05040322580645161,32,50,0.5944444444444444,8.315524193548388,0.3106846838197644,0.31318071453347207,8,12,9,4.016666666666667,4.224591712963862,0.02522976913466429,0,0.2644755818922481,60,50,3.837133094847225,0.9808564749039034
pond_8_cycle_13,0.1,21,42,0.4622770919067215,4.304761904761905,0.42646258503401363,0.31322368421052643,8,13,11,4.407407407407407,7.434033209195113,0.25559607988441596,0,-0.057704058666506755,54,42,3.626177173863307,0.9701705993823854
pond_8_cycle_14,0.06666666666666667,25,40,0.5652173913043478,5.410488245931284,0.3634365079365079,0.40572161835748793,8,14,10,5.282608695652174,9.941301152215127,0.3060115635941961,0,0.011995789855287604,46,40,3.6364454332177063,0.9857859218365744
pond_8_cycle_15,0.07380952380952381,21,31,0.5519395134779751,7.630952380952381,0.3524338624338625,0.48026315789473684,8,15,10,5.923076923076923,12.10564160647644,0.3429286819950525,0,0.010212496429003388,39,31,3.330230943723401,0.9697854841665604
pond_8_cycle_16,0.07017543859649122,19,24,0.541838134430727,6.268518518518518,0.3732456140350877,0.3378721859114016,8,16,9,8.074074074074074,9.968897500672648,0.10501725942142501,0,0.27265183212000776,27,24,3.1224245983330614,0.9824958182005389
pond_8_cycle_17,0.16666666666666666,10,15,0.44784580498866217,3.634920634920635,0.39584656084656084,0.2962962962962963,8,17,7,7,11.144505372604026,0.22841655297265476,0,-0.05101842826917205,21,15,2.5986051779973067,0.959585304932546
pond_8_cycle_18,0.14102564102564102,13,22,0.37808641975308643,5.173076923076923,0.38788156288156295,0.6319444444444444,8,18,7,7.138888888888889,8.305429472950737,0.07553202133829211,0,-0.14649945348904103,36,22,2.967388111291714,0.9599959094925223
pond_8_cycle_19,0.056666666666666664,25,34,0.57875,6.642361111111111,0.3504854497354497,0.2608695652173913,8,19,8,4.75,8.900446545985696,0.3040520712640169,0,0.1519174155813992,40,34,3.467854096351839,0.9834088352974939
pond_8_cycle_20,0.2,10,18,0.22309027777777782,3.027027027027027,0.477037037037037,0.5879629629629629,8,20,8,7.833333333333333,10.323744967061494,0.13715927158137586,0,0.11193744998085124,24,18,2.8096782340777833,0.972081956724793
pond_8_cycle_21,0.07792207792207792,22,36,0.5443218227127092,6.755411255411255,0.33891262657496424,0.3967120181405896,8,21,9,5.0754716981132075,5.191891076120433,0.011338781006100637,0,-0.019104638548493744,53,36,3.4015980870292224,0.9492340198137017
pond_8_cycle_22,0.0935672514619883,19,32,0.45088275237664105,5.918128654970761,0.3653021442495127,0.5619099491648512,8,22,10,6.25531914893617,11.167631964757682,0.2819449348027269,0,-0.08333086086427628,47,32,3.2843547421250876,0.9476644597968028
