pond,cycle,vertex.id,species
1,1,1,BW
1,1,2,GC
1,1,3,HC
1,1,4,HV
1,1,5,PC
1,1,6,RCA
1,1,7,RS
1,2,1,HC
1,2,2,HV
1,2,3,PC
1,2,4,RCA
1,2,5,RS
1,3,1,HC
1,3,2,HV
1,3,3,PC
1,3,4,RS
1,4,1,GC
1,4,2,HC
1,4,3,HV
1,4,4,PC
1,4,5,RCA
1,4,6,RCL
1,4,7,RS
1,5,1,BV
1,5,2,HC
1,5,3,HV
1,5,4,PC
1,5,5,RCL
1,5,6,RS
1,6,1,BV
1,6,2,HC
1,6,3,HV
1,6,4,PC
1,6,5,RCL
1,6,6,RS
1,7,1,BV
1,7,2,BW
1,7,3,HC
1,7,4,HV
1,7,5,PC
1,7,6,RCL
1,7,7,RS
1,8,1,BV
1,8,2,HC
1,8,3,HV
1,8,4,PC
1,8,5,RCL
1,8,6,RS
1,9,1,BV
1,9,2,HC
1,9,3,HV
1,9,4,PC
1,9,5,RS
1,10,1,BV
1,10,2,BW
1,10,3,HV
1,10,4,PC
1,10,5,RS
1,11,1,BV
1,11,2,HV
1,11,3,PC
1,11,4,RCL
1,11,5,RS
1,12,1,HV
1,12,2,PC
1,12,3,RCL
1,12,4,RS
1,13,1,BV
1,13,2,BW
1,13,3,HC
1,13,4,HV
1,13,5,PC
1,13,6,RCL
1,13,7,RS
1,14,1,AC
1,14,2,BV
1,14,3,BW
1,14,4,GC
1,14,5,HC
1,14,6,HV
1,14,7,PC
1,14,8,PT
1,14,9,RCA
1,14,10,RS
1,15,1,AC
1,15,2,BV
1,15,3,GC
1,15,4,HC
1,15,5,HV
1,15,6,PC
1,15,7,PT
1,15,8,RCL
1,15,9,RP
1,15,10,RS
1,16,1,AC
1,16,2,BV
1,16,3,HV
1,16,4,PC
1,16,5,PT
1,16,6,RCL
1,16,7,RP
1,16,8,RS
1,17,1,AC
1,17,2,BV
1,17,3,GC
1,17,4,HC
1,17,5,HV
1,17,6,PC
1,17,7,RCA
1,17,8,RCL
1,17,9,RS
1,18,1,AC
1,18,2,BV
1,18,3,HC
1,18,4,HV
1,18,5,PC
1,18,6,RCL
1,18,7,RS
1,19,1,AC
1,19,2,BV
1,19,3,BW
1,19,4,HC
1,19,5,HV
1,19,6,PC
1,19,7,RCL
1,19,8,RS
1,20,1,BV
1,20,2,GC
1,20,3,HC
1,20,4,HV
1,20,5,PC
1,20,6,RCA
1,20,7,RCL
1,20,8,RS
1,21,1,AC
1,21,2,GC
1,21,3,HC
1,21,4,HV
1,21,5,PC
1,21,6,RCL
1,21,7,RS
1,22,1,AC
1,22,2,BV
1,22,3,BW
1,22,4,GC
1,22,5,HC
1,22,6,HV
1,22,7,PC
1,22,8,RCL
1,22,9,RS
1,23,1,PC
1,23,2,RS
2,1,1,BW
2,1,2,GC
2,1,3,HC
2,1,4,HV
2,1,5,PC
2,1,6,RCA
2,1,7,RS
2,2,1,BV
2,2,2,BW
2,2,3,GC
2,2,4,HV
2,2,5,PC
2,2,6,PT
2,2,7,RCL
2,2,8,RP
2,2,9,RS
2,3,1,BV
2,3,2,BW
2,3,3,GC
2,3,4,HV
2,3,5,PC
2,3,6,RCA
2,3,7,RCL
2,3,8,RS
2,4,1,BW
2,4,2,GC
2,4,3,HC
2,4,4,HV
2,4,5,PC
2,4,6,RCA
2,4,7,RCL
2,4,8,RP
2,4,9,RS
2,5,1,BV
2,5,2,GC
2,5,3,HC
2,5,4,HV
2,5,5,PC
2,5,6,RCA
2,5,7,RCL
2,5,8,RS
2,6,1,BV
2,6,2,HC
2,6,3,HV
2,6,4,PC
2,6,5,RCA
2,6,6,RCL
2,6,7,RP
2,6,8,RS
2,7,1,BV
2,7,2,GC
2,7,3,HC
2,7,4,HV
2,7,5,PC
2,7,6,PT
2,7,7,RCL
2,7,8,RS
2,8,1,BW
2,8,2,GC
2,8,3,HC
2,8,4,HV
2,8,5,PC
2,8,6,PT
2,8,7,RCL
2,8,8,RS
2,9,1,HC
2,9,2,HV
2,9,3,PC
2,9,4,PT
2,9,5,RCL
2,9,6,RS
2,10,1,HC
2,10,2,HV
2,10,3,PC
2,10,4,PT
2,10,5,RCL
2,10,6,RP
2,10,7,RS
2,11,1,GC
2,11,2,HV
2,11,3,PC
2,11,4,RS
2,12,1,AC
2,12,2,HC
2,12,3,HV
2,12,4,RS
2,13,1,AC
2,13,2,HC
2,13,3,HV
2,13,4,PC
2,13,5,PT
2,13,6,RCL
2,13,7,RS
2,14,1,AC
2,14,2,GC
2,14,3,HC
2,14,4,HV
2,14,5,PC
2,14,6,RCL
2,14,7,RS
2,15,1,AC
2,15,2,BV
2,15,3,GC
2,15,4,HC
2,15,5,HV
2,15,6,PC
2,15,7,PT
2,15,8,RCA
2,15,9,RCL
2,15,10,RS
2,16,1,AC
2,16,2,BV
2,16,3,GC
2,16,4,HC
2,16,5,HV
2,16,6,PC
2,16,7,PT
2,16,8,RCL
2,16,9,RS
2,17,1,AC
2,17,2,HV
2,17,3,PC
2,17,4,RCL
2,17,5,RP
2,17,6,RS
2,18,1,AC
2,18,2,BV
2,18,3,BW
2,18,4,GC
2,18,5,HC
2,18,6,HV
2,18,7,PC
2,18,8,RCL
2,18,9,RS
2,19,1,AC
2,19,2,BV
2,19,3,GC
2,19,4,HC
2,19,5,HV
2,19,6,PC
2,19,7,RCL
2,19,8,RP
2,19,9,RS
2,20,1,BV
2,20,2,GC
2,20,3,HV
2,20,4,PC
2,20,5,RCL
2,20,6,RS
2,21,1,AC
2,21,2,BV
2,21,3,BW
2,21,4,GC
2,21,5,HC
2,21,6,HV
2,21,7,PC
2,21,8,RCL
2,21,9,RS
2,22,1,AC
2,22,2,BV
2,22,3,HC
2,22,4,HV
2,22,5,PC
2,22,6,PT
2,22,7,RCL
2,22,8,RP
2,22,9,RS
3,1,1,BW
3,1,2,GC
3,1,3,HC
3,1,4,HV
3,1,5,PC
3,1,6,RS
3,2,1,BV
3,2,2,HV
3,2,3,PC
3,2,4,RS
3,3,1,HV
3,3,2,PT
3,3,3,RS
3,4,1,BW
3,4,2,GC
3,4,3,HV
3,4,4,PT
3,4,5,RCA
3,4,6,RCL
3,4,7,RS
3,5,1,BV
3,5,2,BW
3,5,3,HV
3,5,4,PC
3,5,5,RCL
3,5,6,RS
3,6,1,HV
3,6,2,RS
3,7,1,BV
3,7,2,GC
3,7,3,HC
3,7,4,HV
3,7,5,RS
3,8,1,BV
3,8,2,HC
3,8,3,HV
3,8,4,PT
3,8,5,RCL
3,8,6,RS
3,9,1,BV
3,9,2,HC
3,9,3,HV
3,9,4,PT
3,9,5,RCL
3,9,6,RS
3,10,1,BV
3,10,2,HV
3,10,3,PT
3,10,4,RCL
3,10,5,RP
3,10,6,RS
3,11,1,BW
3,11,2,HV
3,11,3,PC
3,11,4,RCL
3,11,5,RS
3,12,1,AC
3,12,2,HC
3,12,3,HV
3,12,4,PC
3,12,5,RCL
3,12,6,RS
3,13,1,BV
3,13,2,HV
3,13,3,PC
3,13,4,PT
3,13,5,RCL
3,13,6,RS
3,14,1,BV
3,14,2,GC
3,14,3,HV
3,14,4,RCL
3,14,5,RS
3,15,1,BV
3,15,2,GC
3,15,3,HV
3,15,4,PC
3,15,5,PT
3,15,6,RCA
3,15,7,RCL
3,15,8,RS
3,16,1,GC
3,16,2,HV
3,16,3,PT
3,16,4,RCL
3,16,5,RS
3,17,1,BV
3,17,2,GC
3,17,3,HV
3,17,4,PT
3,17,5,RCA
3,17,6,RCL
3,17,7,RS
3,18,1,HV
3,18,2,RCL
3,18,3,RS
3,19,1,BV
3,19,2,BW
3,19,3,GC
3,19,4,HV
3,19,5,RCL
3,19,6,RS
3,20,1,HV
3,20,2,RCL
3,20,3,RS
3,21,1,GC
3,21,2,HV
3,21,3,PT
3,21,4,RCL
3,21,5,RS
3,22,1,GC
3,22,2,PT
3,22,3,RCL
3,22,4,RP
3,22,5,RS
4,1,1,BW
4,1,2,HC
4,1,3,HV
4,1,4,PC
4,1,5,PT
4,1,6,RS
4,2,1,BV
4,2,2,BW
4,2,3,HV
4,2,4,PC
4,2,5,RCL
4,2,6,RS
4,3,1,BV
4,3,2,BW
4,3,3,GC
4,3,4,HV
4,3,5,PC
4,3,6,RCL
4,3,7,RS
4,4,1,BV
4,4,2,BW
4,4,3,GC
4,4,4,HC
4,4,5,HV
4,4,6,PC
4,4,7,RCL
4,4,8,RP
4,4,9,RS
4,5,1,HV
4,5,2,PC
4,5,3,RCL
4,5,4,RS
4,6,1,HC
4,6,2,HV
4,6,3,PC
4,6,4,RCA
4,6,5,RCL
4,6,6,RS
4,7,1,BV
4,7,2,HV
4,7,3,PC
4,7,4,RCL
4,7,5,RS
4,8,1,BV
4,8,2,HC
4,8,3,HV
4,8,4,PC
4,8,5,PT
4,8,6,RCL
4,8,7,RS
4,9,1,HC
4,9,2,HV
4,9,3,PC
4,9,4,PT
4,9,5,RCL
4,9,6,RS
4,10,1,BV
4,10,2,BW
4,10,3,GC
4,10,4,HC
4,10,5,HV
4,10,6,PC
4,10,7,PT
4,10,8,RCL
4,10,9,RS
4,11,1,BV
4,11,2,HC
4,11,3,HV
4,11,4,PC
4,11,5,RCL
4,11,6,RS
4,12,1,AC
4,12,2,HV
4,12,3,PC
4,12,4,RCL
4,12,5,RS
4,13,1,AC
4,13,2,BV
4,13,3,BW
4,13,4,HC
4,13,5,HV
4,13,6,PC
4,13,7,RCA
4,13,8,RCL
4,13,9,RS
4,14,1,AC
4,14,2,BW
4,14,3,HV
4,14,4,PC
4,14,5,RCL
4,14,6,RS
4,15,1,AC
4,15,2,BV
4,15,3,BW
4,15,4,GC
4,15,5,HV
4,15,6,PC
4,15,7,PT
4,15,8,RCL
4,15,9,RS
4,16,1,AC
4,16,2,BV
4,16,3,GC
4,16,4,HV
4,16,5,PC
4,16,6,RCL
4,16,7,RS
4,17,1,AC
4,17,2,BV
4,17,3,BW
4,17,4,GC
4,17,5,HV
4,17,6,PC
4,17,7,RCL
4,17,8,RS
4,18,1,BV
4,18,2,BW
4,18,3,GC
4,18,4,HV
4,18,5,PC
4,18,6,RCL
4,18,7,RS
4,19,1,BW
4,19,2,GC
4,19,3,HV
4,19,4,PC
4,19,5,RCL
4,19,6,RS
4,20,1,GC
4,20,2,HV
4,20,3,PC
4,20,4,RCL
4,20,5,RS
4,21,1,GC
4,21,2,HV
4,21,3,PC
4,21,4,RCL
4,21,5,RS
4,22,1,GC
4,22,2,HV
4,22,3,PC
4,22,4,RCL
4,22,5,RP
4,22,6,RS
4,23,1,PC
4,23,2,RS
5,1,1,AC
5,1,2,BW
5,1,3,GC
5,1,4,HC
5,1,5,HV
5,1,6,RCA
5,1,7,RCL
5,1,8,RP
5,1,9,RS
5,2,1,BW
5,2,2,GC
5,2,3,HC
5,2,4,HV
5,2,5,PC
5,2,6,PT
5,2,7,RCA
5,2,8,RCL
5,2,9,RP
5,2,10,RS
5,3,1,BW
5,3,2,HC
5,3,3,HV
5,3,4,RCL
5,3,5,RP
5,3,6,RS
5,4,1,BV
5,4,2,BW
5,4,3,GC
5,4,4,HC
5,4,5,HV
5,4,6,PC
5,4,7,RCA
5,4,8,RCL
5,4,9,RP
5,4,10,RS
5,5,1,BV
5,5,2,BW
5,5,3,GC
5,5,4,HC
5,5,5,HV
5,5,6,PC
5,5,7,RCA
5,5,8,RCL
5,5,9,RP
5,5,10,RS
5,6,1,AC
5,6,2,BV
5,6,3,BW
5,6,4,HV
5,6,5,RCA
5,6,6,RCL
5,6,7,RP
5,6,8,RS
5,7,1,AC
5,7,2,BV
5,7,3,BW
5,7,4,GC
5,7,5,HV
5,7,6,PC
5,7,7,RCA
5,7,8,RCL
5,7,9,RP
5,7,10,RS
5,8,1,BV
5,8,2,BW
5,8,3,GC
5,8,4,HC
5,8,5,HV
5,8,6,RCA
5,8,7,RCL
5,8,8,RP
5,8,9,RS
5,9,1,BV
5,9,2,BW
5,9,3,GC
5,9,4,HC
5,9,5,HV
5,9,6,PC
5,9,7,RCA
5,9,8,RCL
5,9,9,RP
5,9,10,RS
5,10,1,BV
5,10,2,BW
5,10,3,GC
5,10,4,HC
5,10,5,HV
5,10,6,PT
5,10,7,RCA
5,10,8,RCL
5,10,9,RP
5,10,10,RS
5,11,1,AC
5,11,2,BV
5,11,3,BW
5,11,4,GC
5,11,5,HC
5,11,6,HV
5,11,7,RCA
5,11,8,RCL
5,11,9,RP
5,11,10,RS
5,12,1,AC
5,12,2,BV
5,12,3,BW
5,12,4,GC
5,12,5,HC
5,12,6,HV
5,12,7,RCA
5,12,8,RCL
5,12,9,RP
5,12,10,RS
5,13,1,AC
5,13,2,BV
5,13,3,BW
5,13,4,GC
5,13,5,HC
5,13,6,HV
5,13,7,RCA
5,13,8,RCL
5,13,9,RS
5,14,1,AC
5,14,2,BV
5,14,3,BW
5,14,4,GC
5,14,5,HC
5,14,6,HV
5,14,7,RCA
5,14,8,RCL
5,14,9,RP
5,14,10,RS
5,15,1,AC
5,15,2,BV
5,15,3,BW
5,15,4,GC
5,15,5,HC
5,15,6,HV
5,15,7,PC
5,15,8,PT
5,15,9,RCA
5,15,10,RCL
5,15,11,RS
5,16,1,AC
5,16,2,BW
5,16,3,GC
5,16,4,HC
5,16,5,HV
5,16,6,RCA
5,16,7,RCL
5,16,8,RS
5,17,1,AC
5,17,2,BV
5,17,3,BW
5,17,4,GC
5,17,5,HC
5,17,6,HV
5,17,7,PT
5,17,8,RCL
5,17,9,RP
5,17,10,RS
5,18,1,AC
5,18,2,BV
5,18,3,BW
5,18,4,GC
5,18,5,HV
5,18,6,PC
5,18,7,PT
5,18,8,RCA
5,18,9,RCL
5,18,10,RP
5,18,11,RS
5,19,1,AC
5,19,2,BV
5,19,3,BW
5,19,4,GC
5,19,5,HC
5,19,6,HV
5,19,7,RCA
5,19,8,RCL
5,19,9,RP
5,19,10,RS
5,20,1,AC
5,20,2,BV
5,20,3,BW
5,20,4,GC
5,20,5,HC
5,20,6,HV
5,20,7,PT
5,20,8,RCL
5,20,9,RP
5,20,10,RS
5,21,1,BW
5,21,2,GC
5,21,3,HC
5,21,4,HV
5,21,5,PT
5,21,6,RCL
5,21,7,RP
5,21,8,RS
5,22,1,BV
5,22,2,BW
5,22,3,GC
5,22,4,HC
5,22,5,HV
5,22,6,PT
5,22,7,RCL
5,22,8,RP
5,22,9,RS
6,1,1,AC
6,1,2,BV
6,1,3,BW
6,1,4,GC
6,1,5,HV
6,1,6,PC
6,1,7,PT
6,1,8,RCL
6,1,9,RP
6,1,10,RS
6,2,1,AC
6,2,2,BV
6,2,3,BW
6,2,4,GC
6,2,5,HC
6,2,6,HV
6,2,7,PC
6,2,8,PT
6,2,9,RCA
6,2,10,RCL
6,2,11,RP
6,2,12,RS
6,3,1,AC
6,3,2,BV
6,3,3,BW
6,3,4,GC
6,3,5,HC
6,3,6,HV
6,3,7,PC
6,3,8,PT
6,3,9,RCL
6,3,10,RP
6,3,11,RS
6,4,1,AC
6,4,2,BV
6,4,3,BW
6,4,4,GC
6,4,5,HV
6,4,6,PC
6,4,7,PT
6,4,8,RCL
6,4,9,RP
6,4,10,RS
6,5,1,BV
6,5,2,BW
6,5,3,HC
6,5,4,HV
6,5,5,PC
6,5,6,PT
6,5,7,RCA
6,5,8,RCL
6,5,9,RP
6,5,10,RS
6,6,1,AC
6,6,2,BV
6,6,3,BW
6,6,4,HV
6,6,5,PC
6,6,6,RCA
6,6,7,RCL
6,6,8,RP
6,6,9,RS
6,7,1,AC
6,7,2,BV
6,7,3,BW
6,7,4,GC
6,7,5,HV
6,7,6,PC
6,7,7,RCA
6,7,8,RCL
6,7,9,RP
6,7,10,RS
6,8,1,AC
6,8,2,BV
6,8,3,BW
6,8,4,GC
6,8,5,HC
6,8,6,HV
6,8,7,PC
6,8,8,RCL
6,8,9,RP
6,8,10,RS
6,9,1,AC
6,9,2,BV
6,9,3,BW
6,9,4,GC
6,9,5,HC
6,9,6,HV
6,9,7,PC
6,9,8,PT
6,9,9,RCL
6,9,10,RP
6,9,11,RS
6,10,1,AC
6,10,2,BV
6,10,3,BW
6,10,4,GC
6,10,5,HC
6,10,6,HV
6,10,7,PC
6,10,8,PT
6,10,9,RCL
6,10,10,RS
6,11,1,AC
6,11,2,BV
6,11,3,BW
6,11,4,GC
6,11,5,HC
6,11,6,HV
6,11,7,PC
6,11,8,RCL
6,11,9,RP
6,11,10,RS
6,12,1,AC
6,12,2,BV
6,12,3,BW
6,12,4,GC
6,12,5,HC
6,12,6,HV
6,12,7,RCL
6,12,8,RP
6,12,9,RS
6,13,1,AC
6,13,2,BV
6,13,3,BW
6,13,4,GC
6,13,5,HC
6,13,6,HV
6,13,7,PC
6,13,8,PT
6,13,9,RCL
6,13,10,RS
6,14,1,AC
6,14,2,BV
6,14,3,BW
6,14,4,GC
6,14,5,HC
6,14,6,HV
6,14,7,RCA
6,14,8,RCL
6,14,9,RP
6,14,10,RS
6,15,1,AC
6,15,2,BV
6,15,3,BW
6,15,4,GC
6,15,5,HC
6,15,6,HV
6,15,7,RCA
6,15,8,RCL
6,15,9,RP
6,15,10,RS
6,16,1,AC
6,16,2,BV
6,16,3,BW
6,16,4,GC
6,16,5,HC
6,16,6,HV
6,16,7,PC
6,16,8,PT
6,16,9,RCA
6,16,10,RCL
6,16,11,RP
6,16,12,RS
6,17,1,AC
6,17,2,BV
6,17,3,BW
6,17,4,GC
6,17,5,HC
6,17,6,HV
6,17,7,RCA
6,17,8,RCL
6,17,9,RS
6,18,1,AC
6,18,2,BV
6,18,3,BW
6,18,4,GC
6,18,5,HC
6,18,6,HV
6,18,7,RCL
6,18,8,RS
6,19,1,AC
6,19,2,BV
6,19,3,BW
6,19,4,GC
6,19,5,HC
6,19,6,HV
6,19,7,PC
6,19,8,PT
6,19,9,RCA
6,19,10,RCL
6,19,11,RP
6,19,12,RS
6,20,1,AC
6,20,2,BV
6,20,3,BW
6,20,4,GC
6,20,5,HC
6,20,6,HV
6,20,7,PT
6,20,8,RCL
6,20,9,RP
6,20,10,RS
6,21,1,AC
6,21,2,BV
6,21,3,BW
6,21,4,GC
6,21,5,HC
6,21,6,HV
6,21,7,PT
6,21,8,RCL
6,21,9,RP
6,21,10,RS
6,22,1,AC
6,22,2,GC
6,22,3,HV
6,22,4,PC
6,22,5,PT
6,22,6,RCA
6,22,7,RP
6,22,8,RS
6,23,1,PT
6,23,2,RS
7,1,1,BW
7,1,2,GC
7,1,3,HC
7,1,4,HV
7,1,5,PC
7,1,6,PT
7,1,7,RCA
7,1,8,RCL
7,1,9,RS
7,2,1,BV
7,2,2,BW
7,2,3,GC
7,2,4,HV
7,2,5,PC
7,2,6,RCA
7,2,7,RCL
7,2,8,RS
7,3,1,BW
7,3,2,GC
7,3,3,HV
7,3,4,PC
7,3,5,RCA
7,3,6,RCL
7,3,7,RS
7,4,1,GC
7,4,2,HV
7,4,3,PC
7,4,4,RCA
7,4,5,RCL
7,4,6,RS
7,5,1,HV
7,5,2,PC
7,5,3,PT
7,5,4,RCA
7,5,5,RCL
7,5,6,RS
7,6,1,AC
7,6,2,GC
7,6,3,PC
7,6,4,RCA
7,6,5,RCL
7,6,6,RS
7,7,1,AC
7,7,2,BW
7,7,3,GC
7,7,4,HC
7,7,5,HV
7,7,6,PC
7,7,7,RCL
7,7,8,RS
7,8,1,AC
7,8,2,BV
7,8,3,BW
7,8,4,HV
7,8,5,PC
7,8,6,RCL
7,8,7,RS
7,9,1,AC
7,9,2,BW
7,9,3,GC
7,9,4,HV
7,9,5,PC
7,9,6,RCL
7,9,7,RP
7,9,8,RS
7,10,1,AC
7,10,2,BV
7,10,3,BW
7,10,4,GC
7,10,5,HC
7,10,6,HV
7,10,7,PC
7,10,8,RCL
7,10,9,RS
7,11,1,AC
7,11,2,BV
7,11,3,BW
7,11,4,GC
7,11,5,HV
7,11,6,RCL
7,11,7,RS
7,12,1,AC
7,12,2,BV
7,12,3,BW
7,12,4,GC
7,12,5,HV
7,12,6,RCL
7,12,7,RS
7,13,1,AC
7,13,2,BV
7,13,3,BW
7,13,4,GC
7,13,5,HV
7,13,6,RCL
7,13,7,RS
7,14,1,AC
7,14,2,BV
7,14,3,BW
7,14,4,GC
7,14,5,HC
7,14,6,HV
7,14,7,RCL
7,14,8,RS
7,15,1,AC
7,15,2,BV
7,15,3,BW
7,15,4,GC
7,15,5,HC
7,15,6,HV
7,15,7,PC
7,15,8,RCL
7,15,9,RS
7,16,1,AC
7,16,2,BV
7,16,3,BW
7,16,4,GC
7,16,5,HV
7,16,6,PC
7,16,7,RCL
7,16,8,RS
7,17,1,RCL
7,17,2,RP
7,17,3,RS
7,18,1,AC
7,18,2,BV
7,18,3,BW
7,18,4,GC
7,18,5,HV
7,18,6,PC
7,18,7,RCA
7,18,8,RCL
7,18,9,RP
7,18,10,RS
7,19,1,BV
7,19,2,BW
7,19,3,GC
7,19,4,HV
7,19,5,PT
7,19,6,RCA
7,19,7,RCL
7,19,8,RS
7,20,1,GC
7,20,2,PC
7,20,3,RCA
7,20,4,RCL
7,20,5,RS
7,21,1,AC
7,21,2,BV
7,21,3,BW
7,21,4,GC
7,21,5,HC
7,21,6,HV
7,21,7,PC
7,21,8,RCA
7,21,9,RCL
7,21,10,RS
7,22,1,BV
7,22,2,BW
7,22,3,GC
7,22,4,PC
7,22,5,RCA
7,22,6,RCL
7,22,7,RS
7,23,1,RCL
8,1,1,AC
8,1,2,BV
8,1,3,BW
8,1,4,HC
8,1,5,HV
8,1,6,PC
8,1,7,PT
8,1,8,RCA
8,1,9,RCL
8,1,10,RS
8,2,1,AC
8,2,2,BV
8,2,3,BW
8,2,4,HC
8,2,5,HV
8,2,6,PC
8,2,7,PT
8,2,8,RCA
8,2,9,RCL
8,2,10,RS
8,3,1,AC
8,3,2,BV
8,3,3,BW
8,3,4,HC
8,3,5,HV
8,3,6,PT
8,3,7,RCA
8,3,8,RCL
8,4,1,AC
8,4,2,BV
8,4,3,BW
8,4,4,GC
8,4,5,HC
8,4,6,HV
8,4,7,PT
8,4,8,RCA
8,4,9,RCL
8,4,10,RS
8,5,1,AC
8,5,2,BV
8,5,3,BW
8,5,4,HC
8,5,5,HV
8,5,6,PC
8,5,7,PT
8,5,8,RCA
8,5,9,RCL
8,5,10,RS
8,6,1,AC
8,6,2,BV
8,6,3,BW
8,6,4,GC
8,6,5,HC
8,6,6,HV
8,6,7,PC
8,6,8,RCA
8,6,9,RCL
8,6,10,RS
8,7,1,AC
8,7,2,BW
8,7,3,HC
8,7,4,HV
8,7,5,PC
8,7,6,RCL
8,7,7,RS
8,8,1,AC
8,8,2,BV
8,8,3,BW
8,8,4,GC
8,8,5,HC
8,8,6,HV
8,8,7,PC
8,8,8,PT
8,8,9,RCA
8,8,10,RCL
8,8,11,RP
8,8,12,RS
8,9,1,AC
8,9,2,BV
8,9,3,BW
8,9,4,HC
8,9,5,HV
8,9,6,PC
8,9,7,PT
8,9,8,RCL
8,9,9,RP
8,9,10,RS
8,10,1,AC
8,10,2,BV
8,10,3,BW
8,10,4,GC
8,10,5,HC
8,10,6,HV
8,10,7,PC
8,10,8,PT
8,10,9,RCL
8,10,10,RP
8,10,11,RS
8,11,1,AC
8,11,2,BV
8,11,3,BW
8,11,4,GC
8,11,5,HC
8,11,6,PT
8,11,7,RCL
8,11,8,RS
8,12,1,AC
8,12,2,BV
8,12,3,BW
8,12,4,GC
8,12,5,HC
8,12,6,HV
8,12,7,PT
8,12,8,RCL
8,12,9,RS
8,13,1,AC
8,13,2,BV
8,13,3,BW
8,13,4,GC
8,13,5,HC
8,13,6,HV
8,13,7,PC
8,13,8,PT
8,13,9,RCA
8,13,10,RCL
8,13,11,RS
8,14,1,AC
8,14,2,BV
8,14,3,BW
8,14,4,GC
8,14,5,HC
8,14,6,HV
8,14,7,PT
8,14,8,RCA
8,14,9,RCL
8,14,10,RS
8,15,1,AC
8,15,2,BV
8,15,3,BW
8,15,4,GC
8,15,5,HC
8,15,6,HV
8,15,7,RCA
8,15,8,RCL
8,15,9,RP
8,15,10,RS
8,16,1,AC
8,16,2,BV
8,16,3,BW
8,16,4,GC
8,16,5,HV
8,16,6,PT
8,16,7,RCL
8,16,8,RP
8,16,9,RS
8,17,1,AC
8,17,2,BV
8,17,3,BW
8,17,4,GC
8,17,5,PT
8,17,6,RCL
8,17,7,RS
8,18,1,AC
8,18,2,BV
8,18,3,BW
8,18,4,PT
8,18,5,RCL
8,18,6,RP
8,18,7,RS
8,19,1,AC
8,19,2,BV
8,19,3,BW
8,19,4,GC
8,19,5,HC
8,19,6,HV
8,19,7,RCL
8,19,8,RS
8,20,1,AC
8,20,2,BV
8,20,3,BW
8,20,4,GC
8,20,5,HC
8,20,6,HV
8,20,7,RCL
8,20,8,RS
8,21,1,AC
8,21,2,BV
8,21,3,BW
8,21,4,GC
8,21,5,HC
8,21,6,HV
8,21,7,RCL
8,21,8,RP
8,21,9,RS
8,22,1,AC
8,22,2,BV
8,22,3,BW
8,22,4,GC
8,22,5,HC
8,22,6,PC
8,22,7,RCA
8,22,8,RCL
8,22,9,RP
8,22,10,RS
8,23,1,RS
