pond,cycle,Pond_Cycle,No_Spec,Connectance,Weighted_connectance,Unique_Nodes,UniqueEdges,TotalEdges,modularity,mean_Distance,harm.centrality,betweenness,betweenness_weighted,skewness,J,mean_t,sd_t,B,markov_memory,time_memory,meanDayOnset,medDayOnset,event.rate
1,1,pond_1_cycle_1,7,0.1625,0.8583333333333333,16,39,103,0.28772740126307855,1.6192361111111113,1.1282046639527232,0.44359788359788355,6.419047619047619,3.4884413258500735,0.8520687755729266,2.495145631067961,2.8555889005211768,0.06736332503981769,0,-0.1349597291934166,176.71153846153845,177.5,0.004003806419877361
1,2,pond_1_cycle_2,5,0.25,1.9722222222222223,9,18,71,0.05415592144415794,1.5498436748436744,1.6538325042851987,0.6930803571428571,5.785714285714286,2.200936778175831,0.6932802595752647,4.577464788732394,11.293059780022906,0.42314889858849863,0,-0.025442067795461522,195.11111111111111,226,0.0024986638534226745
1,3,pond_1_cycle_3,4,0.47619047619047616,3.5714285714285716,7,20,75,0,0.8365588115588116,2.911941451221636,0.23333333333333334,4.166666666666667,1.5226913341156458,0.8278379053281244,4.48,6.333864368443473,0.17143403183910233,0,-0.11355038802055893,171.21052631578948,191,0.0027443689883321558
1,4,pond_1_cycle_4,7,0.14473684210526316,0.6947368421052632,20,55,132,0.2945362718089991,1.9643238304093587,1.0877943781588508,0.28937108854006366,7.526315789473684,3.448040109126919,0.8704802932789099,2.643939393939394,3.210508926761916,0.09677590471148817,0,-0.10454843759186445,176.42857142857142,163,0.0031963100967991416
1,5,pond_1_cycle_5,6,0.23333333333333334,2.111111111111111,10,21,95,0.023268698060941853,0.8381481481481481,2.3724643777275345,0.9243827160493827,8.402777777777779,0.4538610187338962,0.9096754611951553,3.2421052631578946,3.7493709812126137,0.07255487973132516,0,-0.18205136375223044,147.79166666666666,151.5,0.002983299845576699
1,6,pond_1_cycle_6,6,0.24242424242424243,1.4242424242424243,12,32,94,0.15261430511543686,1.2314123376623378,1.7098228775759716,0.7132231404958678,8.4,1.158112892419113,0.8739915205600827,2.9893617021276597,3.6352358070888826,0.09749635416531248,0,-0.06266176152347977,182.31578947368422,193,0.0035283530345316624
1,7,pond_1_cycle_7,7,0.17142857142857143,0.8,15,36,84,0.10345804988662136,1.6402248677248676,1.1517228722159063,0.5614207221350078,8.428571428571429,1.9960937499999996,0.8721861248980658,3.369047619047619,4.546360286330901,0.14873682839305072,0,0.10223035723277894,152.3294117647059,145,0.0034175880915353527
1,8,pond_1_cycle_8,6,0.18095238095238095,0.6952380952380952,15,38,73,0.11897166447738786,1.6217339208410626,1.0473312353723698,0.5414050235478807,9.291208791208792,2.733868361998751,0.8883337218413154,3.0821917808219177,3.085600178686358,5.526123265532602e-4,0,0.11598257463730466,179.5810810810811,186.5,0.004679901140078129
1,9,pond_1_cycle_9,5,0.2777777777777778,2.066666666666667,10,25,93,0.14111457972019884,0.8969035594035597,2.3339320275073456,0.5524691358024691,6.430555555555555,1.2335194502750693,0.8586530852034647,3.086021505376344,4.940198715371537,0.23101499323456404,0,-0.06221326156292201,188.67021276595744,155.5,0.0031422154777231894
1,10,pond_1_cycle_10,5,0.18181818181818182,1.0151515151515151,12,24,67,0.13633325907774554,1.7657046657046653,1.3167613604276485,0.5272727272727273,6.7272727272727275,1.2083949460500265,0.8751746438289536,4.298507462686567,6.438555563057589,0.1993141043542213,0,-0.12864265686199636,186.5441176470588,183.5,0.0036192829953840514
1,11,pond_1_cycle_11,5,0.35714285714285715,1.9642857142857142,8,20,55,0.14330578512396694,0.8512633624878524,2.1685351788906777,0.419501133786848,3.1666666666666665,0.9233767494086683,0.9220963298511259,4.327272727272727,9.323515760052434,0.3660039885182272,0,-0.0880823352991517,114.30357142857143,103.5,0.0048566707017535
1,12,pond_1_cycle_12,4,0.2777777777777778,1.9333333333333333,10,25,87,0.3761395164486722,1.1729244829244834,1.869402101802182,0.29423868312757195,4.305555555555555,1.5467422470551084,0.8460594474954926,2.9080459770114944,2.9752161692346806,0.011417167984949347,0,-0.08859016459023472,191.97727272727272,195.5,0.0035141899879454065
1,13,pond_1_cycle_13,7,0.12573099415204678,0.6023391812865497,19,43,103,0.4560279008389103,2.184452405943635,0.8645700536088446,0.4462297264584846,9.264705882352942,2.4742426115790757,0.8674234497501742,2.621359223300971,3.3287709115314943,0.11889012041758336,0,-0.008967729139344516,182.53846153846155,170.5,0.0038830669698099673
1,14,pond_1_cycle_14,10,0.13421052631578947,0.5736842105263158,20,51,109,0.37867182897062535,2.231334301663254,0.9312441030688139,0.30835128757566427,7.3654970760233915,2.3779832955432,0.904518522719632,2.9908256880733943,4.208667011730711,0.16915654677869918,0,-0.12232634426135164,175.29090909090908,174,0.003588334310713563
1,15,pond_1_cycle_15,10,0.09963768115942029,0.3333333333333333,24,55,92,0.40784499054820417,2.81878019323671,0.6661987256645285,0.3524660594603884,11.362648221343873,1.630744220317633,0.9573007169817322,2.739130434782609,3.274508822213776,0.08902735341304314,0,-0.06119314049980143,128.44086021505376,127,0.004646875471051902
1,16,pond_1_cycle_16,8,0.1380952380952381,0.4095238095238095,15,29,43,0.33531638723634394,2.4746031746031742,0.7309771336662092,0.6497252747252747,9.291208791208792,1.6373384158444455,0.9661378449591772,7.1395348837209305,14.858990216522336,0.35090785848711475,0,-0.10059536647389568,150.1590909090909,147,0.003915727360805578
1,17,pond_1_cycle_17,9,0.17582417582417584,0.8241758241758241,14,32,75,0.2935111111111111,1.5691130298273155,1.149807787804423,0.3717948717948718,9.198717948717949,1.209768249185328,0.8972222465656718,4.36,7.08374614589339,0.238011758664431,0,-0.1391546018614271,196.06578947368422,200.5,0.0033176186551704596
1,18,pond_1_cycle_18,6,0.16544117647058823,0.7794117647058824,17,45,106,0.27465290138839443,1.5771022992530357,1.1971277312065463,0.4625,10.766666666666667,1.6658974863034115,0.9146196586745742,3,4.026105290417006,0.14604183228175135,0,-0.10164512338425384,176.30841121495328,165,0.0035976775642893007
1,19,pond_1_cycle_19,8,0.12368421052631579,0.5789473684210527,20,47,110,0.2765289256198347,2.0816839447102655,0.9877311753105221,0.5401149071509183,10.282163742690058,2.2698373728342993,0.8930601377832955,2.9454545454545453,4.998782170287911,0.25846757823372146,0,-0.05152134150411878,164.33333333333334,165,0.003562316445752027
1,20,pond_1_cycle_20,8,0.19230769230769232,1.2435897435897436,13,30,97,0.015304495695610558,1.2272206959706962,1.6668891383407587,0.5782828282828283,8.416666666666666,0.9753412950915545,0.8795716993578314,3.329896907216495,5.789217076968281,0.26968849978374765,0,-0.0912391217974187,189.3265306122449,183.5,0.0037005535457547865
1,21,pond_1_cycle_21,7,0.14736842105263157,0.6263157894736842,20,56,119,0.4141656662665066,2.0759398496240578,0.9209903058696389,0.30091310146711797,6.994152046783626,3.469866637219374,0.8920784108030593,2.546218487394958,2.9132889537651248,0.06723508857278317,0,-0.04403083407720665,152.03333333333333,153.5,0.00353906648214433
1,22,pond_1_cycle_22,9,0.10526315789473684,0.42105263157894735,19,36,72,0.29475308641975306,2.247632971317182,0.7949692494304692,0.7185911401597677,13.016339869281046,1.9170289512680811,0.9125676725513835,3.9444444444444446,8.415091890050688,0.36171643697739586,0,-0.044040477443853525,165.45205479452054,145,0.003485851760068074
1,23,pond_1_cycle_23,9,0.06754032258064516,0.26411290322580644,32,67,131,0.4494493327894644,3.493830950635382,0.6218448281561106,0.5145565961382818,16.828494623655914,3.0349191375127225,0.9068905683703564,2.549618320610687,3.0914615424722416,0.09605310242238436,0,-0.05277774364393762,171.16666666666666,166.5,0.003481496495282357
1,24,pond_1_cycle_24,12,0.05576923076923077,0.16538461538461538,40,87,129,0.5256294693828496,3.372250986193274,0.5004812416561347,0.3228081709863086,14.039136302294198,5.522794277747601,0.9277121246003946,2.248062015503876,2.9686671245062204,0.1381335104166343,0,-0.00969626168224299,170.56923076923076,159,0.0034835441501653674
2,1,pond_2_cycle_1,7,0.18181818181818182,1.2272727272727273,12,24,81,0.14944368236549307,1.5818181818181813,1.4902450066991455,0.46859504132231405,6.372727272727273,1.5186163483527457,0.875314508082584,4.135802469135802,5.873144571734449,0.1735789085010075,0,-0.06069702934860416,169.71951219512195,166,0.0032923291554098942
2,2,pond_2_cycle_2,9,0.1394736842105263,0.5842105263157895,20,53,111,0.22490057625192758,1.8119298245614026,0.9968023924986301,0.5720221606648199,11.41812865497076,1.950480095266022,0.9259857484692372,2.6486486486486487,3.1841900601355975,0.09181488435132353,0,-0.06429021470459943,139.88392857142858,116.5,0.0032484234122940403
2,3,pond_2_cycle_3,8,0.1380952380952381,0.6666666666666666,15,29,70,0.41877551020408166,2.281428571428572,0.899749899031841,0.5408163265306123,7.571428571428571,2.086966330416418,0.8222626145928245,4.2,6.755781206503429,0.2332815121377469,0,0.026460299958887365,153.11267605633802,142,0.0036021639950296657
2,4,pond_2_cycle_4,9,0.18382352941176472,0.9044117647058824,17,50,123,0.40081961795227705,1.4029820261437922,1.2936042015349483,0.5610677083333333,8.609722222222222,1.4412959352644847,0.9042644054619398,2.861788617886179,5.150720470457256,0.2856697979788885,0,-0.006865357198230011,155.9758064516129,160.5,0.003301227913461645
2,5,pond_2_cycle_5,8,0.13725490196078433,0.49019607843137253,18,42,75,0.20231111111111108,1.6998681825671482,0.8953047797543593,0.5698529411764705,9.808823529411766,2.3800629853707354,0.9178178738695192,3.6133333333333333,5.897533459074302,0.24016739752515587,0,-0.1465596734254069,171.47368421052633,165.5,0.004165642458486297
2,6,pond_2_cycle_6,8,0.1761904761904762,1,15,37,105,0.11931972789115651,1.263136810279666,1.4987842754687168,0.6662087912087913,10.70054945054945,1.1782519113370813,0.9078054573010351,2.657142857142857,3.2428280968830383,0.09926917340847821,0,-0.08604161362364457,201.00943396226415,198,0.0037665016080400703
2,7,pond_2_cycle_7,8,0.16993464052287582,0.6078431372549019,18,52,93,0.33154121863799285,1.9864923747276708,0.8389981929598729,0.28665657439446374,6.351715686274509,1.814816001616016,0.9344187918117032,1.935483870967742,1.6733619609798767,-0.07263316921643162,0,-0.03691485481500416,158.64893617021278,156.5,0.005623660067059619
2,8,pond_2_cycle_8,8,0.11052631578947368,0.34210526315789475,20,42,65,0.3255621301775148,2.8464473684210554,0.6869419575379327,0.6440443213296398,12.374269005847953,1.9880341843275497,0.9595831253933131,3.5076923076923077,5.312494343888392,0.20462175093229332,0,0.19224741495323922,177.71212121212122,189.5,0.004225400306261278
2,9,pond_2_cycle_9,6,0.2636363636363636,1.709090909090909,11,29,94,0.07062019013128107,0.9285425685425684,2.052156385626954,0.352962962962963,6.5,1.8156134011910006,0.8876407385128446,3.021276595744681,3.9157216157605643,0.12893833798780807,0,-0.14788034243461512,173.07368421052632,159,0.0034968308972444617
2,10,pond_2_cycle_10,7,0.1987179487179487,1.2820512820512822,13,31,100,0.26539999999999997,1.196556541748849,1.6532140099334156,0.5011574074074076,6.803030303030303,1.65524779689604,0.8728470840716066,3.42,5.717561110342857,0.2514413947658566,0,0.03657195120443956,168.1089108910891,147,0.0028125517570116877
2,11,pond_2_cycle_11,4,0.4666666666666667,3.066666666666667,6,14,46,0.168241965973535,0.7210317460317462,2.501832827761621,0.42,2.6,0.842565405202235,0.8873718203040091,6.478260869565218,19.60129148855564,0.5031923262633787,0,-0.0749890609518732,126.12765957446808,106,0.0034923971905017324
2,12,pond_2_cycle_12,4,0.18888888888888888,1.0444444444444445,10,17,47,0.16840199185151652,1.8823412698412707,1.1836742221486292,0.566358024691358,5.097222222222222,1.2242026730971178,0.8529731601919135,4.9787234042553195,8.661482355563894,0.26999291771368306,0,0.12430639473229922,213.08333333333334,230.5,0.0035016189384202397
2,13,pond_2_cycle_13,7,0.15808823529411764,0.7426470588235294,17,43,101,0.4573081070483285,1.453352591036415,1.1712547725718772,0.39982638888888894,6.816666666666666,1.3191222096886195,0.9372334260488472,2.9702970297029703,3.8011983519531167,0.122705735649034,0,0.0810633527505449,162.9607843137255,179.5,0.003750727458702562
2,14,pond_2_cycle_14,7,0.11764705882352941,0.5588235294117647,17,32,76,0.27423822714681434,3.277433473389353,0.8691826871043034,0.3953125,7.395833333333333,1.4618083399277872,0.9014784633795225,4,6.691287868066456,0.25172719145510963,0,-0.11792733770101249,175.8961038961039,171,0.0037415028761524235
2,15,pond_2_cycle_15,10,0.058823529411764705,0.1711229946524064,34,66,96,0.5296766493055556,3.7720192117250937,0.48228887362490497,0.41253771481044194,13.164457070707071,3.873246901392596,0.9314892459720033,2.5833333333333335,6.119282150308786,0.4063087497800865,0,-0.04122938530734632,146.57731958762886,151,0.004746899804071621
2,16,pond_2_cycle_16,9,0.09126984126984126,0.32275132275132273,28,69,122,0.44141359849502826,2.543121693121693,0.7067649587038041,0.3261053075867892,14.498575498575498,3.900284801421241,0.9257783550334662,2.19672131147541,2.240275013601424,0.00981603295000695,0,-0.127982939207429,184.6747967479675,184,0.003878016752758105
2,17,pond_2_cycle_17,6,0.10869565217391304,0.3442028985507246,24,60,95,0.45019390581717456,2.4508907004831,0.684347441558853,0.2948101048290083,8.97068511198946,3.0309926569403305,0.9429532576663681,3.2736842105263158,9.579945925827,0.49062106567583436,0,-0.03733860123921059,136.3125,114.5,0.0031081278281898743
2,18,pond_2_cycle_18,9,0.1,0.3566666666666667,25,60,107,0.42798497685387366,2.105134920634916,0.8089017293652466,0.5853839573268921,15.56159420289855,2.3134996281685907,0.9266783906877792,2.7850467289719627,4.862307933604373,0.2716313413313823,0,-0.016988835311177643,180.9814814814815,187,0.003755242639106077
2,19,pond_2_cycle_19,9,0.12380952380952381,0.5142857142857142,21,52,108,0.44393004115226337,1.8485260770975052,0.9636659665725202,0.5859210526315789,12.228947368421053,1.956826251276062,0.9276126158958864,2.7222222222222223,3.392772233261655,0.10965668340681628,0,-0.09688768606224628,148.39449541284404,148,0.0038154912391312004
2,20,pond_2_cycle_20,6,0.19230769230769232,1.021978021978022,14,35,93,0.35605272285813383,1.4222527472527464,1.3490358686672739,0.4820841551610783,6.910256410256411,2.842461313426392,0.8700664606693578,2.774193548387097,2.863294819434667,0.01580513612341117,0,-0.026173979984603545,176.17021276595744,163,0.003912673976998572
2,21,pond_2_cycle_21,9,0.08160919540229886,0.2367816091954023,30,71,103,0.44000377038363647,3.0678160919540214,0.5896200306551823,0.4083361644301001,17.05295566502463,1.6396116708804522,0.9703934482924889,2.2427184466019416,2.1938685476263684,-0.011010693363868113,0,-0.09791164023256735,171.58653846153845,170.5,0.00471105130624888
2,22,pond_2_cycle_22,9,0.11315789473684211,0.5421052631578948,20,43,103,0.31723065321896504,2.1525531632110586,0.92425213921767,0.5535036421463013,12.783625730994151,1.894880964655487,0.8895923631279841,3.2427184466019416,6.409958580847913,0.3281203882859765,0,-0.06324797412814537,149.8653846153846,133.5,0.0029837088575023147
2,23,pond_2_cycle_23,6,0.20454545454545456,0.8636363636363636,12,27,57,0.27054478301015694,1.4910468319559225,1.1606870600706796,0.31239669421487604,4.636363636363637,1.514579943544681,0.9433718617287359,4.771929824561403,9.599139737980336,0.33589774876610984,0,-0.10292073459153304,159.22413793103448,143.5,0.003915722904004096
2,24,pond_2_cycle_24,8,0.14285714285714285,0.5151515151515151,22,66,119,0.4120824800508438,2.1589466089466085,0.8437811523008509,0.3913070942662779,6.390476190476191,4.090419358830798,0.9217782751039879,2.2184873949579833,3.517895325780011,0.22652043876438863,0,-0.029911726455592768,197.05,192,0.004332615415038455
3,1,pond_3_cycle_1,6,0.19230769230769232,1.0384615384615385,13,30,81,0.16659045877152873,1.5683279327510098,1.3824642413720447,0.4840067340067339,6.325757575757576,2.2004192001325937,0.8642167349327333,2.9753086419753085,3.5283682795379203,0.08503799377444012,0,-0.07235251922167936,185.4512195121951,185.5,0.004457766325507598
3,2,pond_3_cycle_2,4,0.3,2.7333333333333334,6,9,41,0.04402141582391442,1.3350925925925927,2.2763536865516576,0.61,3.05,0.26516099894074646,0.8108347655879187,8.048780487804878,12.759214747609265,0.22637616966518087,0,-0.24230131739373387,182.42857142857142,176,0.003177492013804028
3,3,pond_3_cycle_3,3,0.35,3.8,5,7,38,0,0.8112012987012986,2.8464371980676346,0.4270833333333333,1.9166666666666667,0.03331453008243213,0.8328241006292167,6.947368421052632,10.142091496069806,0.18694113743268656,0,-0.16183763022300215,199.84615384615384,215,0.0033734719434818745
3,4,pond_3_cycle_4,7,0.17307692307692307,0.6282051282051282,13,27,49,0.20241566014160764,1.7585565476190474,0.8573896039483084,0.6275252525252525,7.113636363636363,2.4272317913829653,0.8990504252340298,4.795918367346939,6.509542968585732,0.15157493801622238,0,-0.11754890745402774,224.56,207,0.004165647952452903
3,5,pond_3_cycle_5,6,0.2,0.7333333333333333,10,18,33,0.18732782369146012,1.641851851851851,0.9644181985486333,0.7561728395061729,6.805555555555555,1.6545035758426514,0.9337486263440092,8.242424242424242,18.9275432621192,0.39326948101458575,0,-0.10911835142236344,144.2058823529412,159.5,0.0038611102861727943
3,6,pond_3_cycle_6,2,0.5,4,3,3,12,0,0.6333333333333333,2.619047619047618,0.5,1,-0.5951700641394972,0.8359889967247164,8.416666666666666,20.16954650111415,0.4111380463535484,0,-0.13000768343174068,289.15384615384613,294,0.00642261651812064
3,7,pond_3_cycle_7,5,0.19444444444444445,0.75,9,14,27,0.2277091906721536,2.84074074074074,0.8766626603295864,0.30580357142857145,2.2857142857142856,1.4131116816840612,0.9183764157847982,9.074074074074074,20.166472415536877,0.3793498984502183,0,-0.15388414467554482,209.14285714285714,228.5,0.003501881786443364
3,8,pond_3_cycle_8,6,0.1987179487179487,0.8205128205128205,13,31,64,0.20849609375,1.5472222222222218,1.2314736280507184,0.5775462962962963,7.909090909090909,1.5230106792048428,0.9409676439431311,3.765625,6.378889258687846,0.2576036853070442,0,-0.13856777698330888,173.1076923076923,190,0.0035272884763643004
3,9,pond_3_cycle_9,6,0.2196969696969697,1.0909090909090908,12,29,72,0.13541666666666666,1.2250270562770562,1.4907404731561722,0.7371900826446282,9.10909090909091,1.2225613152643142,0.9079829365906849,3.736111111111111,5.574067358496658,0.1974136428625281,0,-0.12874690708992576,216.45205479452054,218,0.0038177881396881936
3,10,pond_3_cycle_10,6,0.3392857142857143,1.8928571428571428,8,19,53,0.053399786400854445,0.9256164965986399,2.06269872521154,0.5850340136054422,4.571428571428571,1.2954544329863127,0.924108778764101,6.679245283018868,14.363111920291963,0.36516187625900137,0,-0.07489622906993106,139.33333333333334,102.5,0.003066892293759879
3,11,pond_3_cycle_11,5,0.23214285714285715,0.6785714285714286,8,13,19,0.04570637119113571,1.554421768707483,0.9071428571428571,0.7312925170068028,5.119047619047619,1.8366048486792272,0.9380924299336396,12,31.742015618979767,0.4513284387931511,0,-0.12003749448610498,187.8,159.5,0.0038180628141456737
3,12,pond_3_cycle_12,6,0.2222222222222222,1.25,9,16,45,0.04049382716049383,1.5967643467643473,1.232816672471845,0.5,5.142857142857143,2.228616464674247,0.7651372449455262,4.822222222222222,8.413433222285573,0.2713285348897128,0,-0.1025571506036131,224.52173913043478,255.5,0.003298711338823858
3,13,pond_3_cycle_13,6,0.2777777777777778,1.9333333333333333,10,25,87,0.11500858766019292,1.1859924026590691,1.8832222351490229,0.6419753086419753,6.673611111111111,1.9556259014567126,0.7895586441703614,3.7586206896551726,5.440941944017746,0.18286969950123683,0,-0.18149311951457364,151.76136363636363,120.5,0.002916500446321714
3,14,pond_3_cycle_14,5,0.2,0.8909090909090909,11,22,49,0.37401082882132447,1.9383838383838385,1.0442630629775158,0.6538888888888889,6.455555555555556,2.520926258715669,0.8780399716833936,4.387755102040816,7.58237079934604,0.2668823806552525,0,-0.16645959976926833,200.3,184,0.004279391276390527
3,15,pond_3_cycle_15,8,0.12631578947368421,0.46842105263157896,20,48,89,0.48933215503093047,2.400109649122808,0.7682191153535989,0.3513388734995383,9.068713450292398,3.0564049761385337,0.9224042778894509,2.7865168539325844,2.982798830995813,0.034021708601592066,0,-0.17143186148504042,154.86666666666667,155.5,0.004172051647450014
3,16,pond_3_cycle_16,5,0.20512820512820512,0.9871794871794872,13,32,77,0.299544611232923,1.431552706552706,1.4167460305508859,0.46811868686868685,6.492424242424242,1.613214342735369,0.9045834614510966,3.883116883116883,5.211258121590485,0.14603985846043724,0,-0.1166539059289425,169.35897435897436,156.5,0.0033932741702828043
3,17,pond_3_cycle_17,7,0.1625,0.85,16,39,102,0.32833525567089583,1.8565972222222198,1.1507847610957205,0.2617989417989418,4.347619047619047,2.525151923196401,0.9078922096463908,2.235294117647059,2.073770520106809,-0.03748460770930682,0,-0.015303358613217771,208.51456310679612,221,0.004251566259543156
3,18,pond_3_cycle_18,3,0.5,2.8,6,15,42,0.10090702947845803,0.7444444444444444,2.348865507889898,0.49,2.9,0.5769459311514101,0.9253988169389735,4.880952380952381,8.459955546652456,0.26827283308765265,0,-0.1876343867905392,212,203,0.003725230435572737
3,19,pond_3_cycle_19,6,0.3194444444444444,1.9722222222222223,9,23,71,0.15116048403094626,1.0485008818342156,2.0333751296174456,0.453125,3.8035714285714284,1.0309541372216664,0.860633437516082,3.647887323943662,4.819895053834666,0.13840787086907885,0,-0.2476961718344015,162.5,154.5,0.004202042133076617
3,20,pond_3_cycle_20,3,0.5333333333333333,3.3333333333333335,6,16,50,0,0.5680555555555554,3.0001915849373475,0.45,2.6,0.6337713320846101,0.9027203449849583,5.3,9.965757699774375,0.3056355139085782,0,-0.16593034008013974,195.3921568627451,204,0.003432485989943992
3,21,pond_3_cycle_21,5,0.23076923076923078,1.3333333333333333,13,36,104,0.40218195266272194,1.2720378671036576,1.5106799552254073,0.24792718855218857,4.545454545454546,3.108264014268451,0.8538651344880913,3.105769230769231,5.24343004395407,0.25603183525113343,0,-0.08198335546040726,156.17142857142858,159,0.003574716916306183
3,22,pond_3_cycle_22,5,0.2361111111111111,1.4722222222222223,9,17,53,0.20986116055535775,1.4111111111111105,1.4369521461117116,0.5446428571428571,4.357142857142857,2.217893416902864,0.7889683113578136,5.339622641509434,7.138582589935039,0.14416816481686906,0,-0.27062031841872913,175.27777777777777,149.5,0.0036710727863970547
3,23,pond_3_cycle_23,6,0.23484848484848486,1.378787878787879,12,31,91,0.2584228957855332,1.3557012432012434,1.5492228716698913,0.2421487603305785,3.963636363636364,2.0621096094901805,0.8568541050135652,3.2857142857142856,4.672105673951674,0.17421748610351626,0,0.0516032082661122,165.22826086956522,163.5,0.003453528710705481
3,24,pond_3_cycle_24,8,0.11904761904761904,0.48917748917748916,22,55,113,0.29133056621505204,2.42830687830688,0.8229351524114537,0.2756538170823885,8.795238095238096,2.825702547010296,0.8845531697162629,2.575221238938053,5.091669158212043,0.328222759022275,0,-0.041117558852572934,173.50877192982455,171,0.004002028381906102
4,1,pond_4_cycle_1,6,0.19230769230769232,1.010989010989011,14,35,92,0.22253071833648388,1.7343200100553033,1.1451277793054977,0.338921761998685,7.3493589743589745,2.8167542592437687,0.8240563838005625,3.619565217391304,6.754473310258666,0.3021878205398869,0,-0.10268487125446715,181.03225806451613,176,0.003103363122852311
4,2,pond_4_cycle_2,6,0.21794871794871795,1.2692307692307692,13,34,99,0.1577390062238547,1.4332264957264953,1.4689342925220492,0.6555660774410773,8.977272727272727,2.2466008776621016,0.8173979300830009,3.4545454545454546,7.879543039781555,0.3904149493319133,0,-0.043627670700732105,150.34,132,0.002927275473924488
4,3,pond_4_cycle_3,7,0.1813186813186813,1.10989010989011,14,33,101,0.22193902558572687,1.4727147852147873,1.3506313798043108,0.41025641025641024,5.75,2.285300810418771,0.8324252833964801,3.237623762376238,4.690732383863921,0.18327993781873514,0,-0.02258920937767178,173.86274509803923,177,0.0031235667617265646
4,4,pond_4_cycle_4,9,0.13970588235294118,0.6911764705882353,17,38,94,0.24377546401086467,2.0210030165912527,1.0563657392152523,0.4083333333333333,9.575,2.6116692502745154,0.8863833017105537,3.3404255319148937,5.454707331749343,0.24039225246605259,0,-0.044050932689498216,162.43157894736842,141,0.0028028145021911388
4,5,pond_4_cycle_5,4,0.40476190476190477,2.6666666666666665,7,17,56,0.21540178571428573,0.7676767676767675,2.428557157128586,0.7388888888888889,4.133333333333334,1.874864110955201,0.8732011024486533,4.785714285714286,7.14451928712883,0.1977165817427004,0,-0.10848768573173213,171.6140350877193,187,0.0036092283641467886
4,6,pond_4_cycle_6,6,0.2638888888888889,2.1944444444444446,9,19,79,0.12305720237141482,0.8052799823633165,2.3978646898017266,0.8002232142857143,6.785714285714286,0.5788013744678427,0.8984989851708656,3.4177215189873418,3.8617373363277063,0.06099571769901129,0,-0.12291131302307048,178.3125,161.5,0.003607478354195309
4,7,pond_4_cycle_7,5,0.22727272727272727,1.6666666666666667,12,30,110,0.36049586776859505,1.1835387150728056,2.02992221805087,0.5099173553719009,6.1454545454545455,1.7927307154587615,0.8815816322018867,2.536363636363636,2.379874612097822,-0.03183104974922397,0,-0.06583810687832246,156.6036036036036,155,0.0036713025405483214
4,8,pond_4_cycle_8,7,0.15833333333333333,0.725,16,38,87,0.09882415114281941,1.5367929292929254,1.1565475529096296,0.6980952380952381,12.371428571428572,2.125057938252344,0.8982238672700991,3.4942528735632186,5.715896973737471,0.24121693316698553,0,-0.0694912619452808,179.95454545454547,194.5,0.00362555348439478
4,9,pond_4_cycle_9,6,0.2636363636363636,1.8363636363636364,11,29,101,0.14743652583080089,1.0574170274170276,1.9664280982912625,0.5333333333333332,6.1,2.543352586716058,0.8490093699297239,2.9702970297029703,4.330024123592279,0.18625579140111526,0,-0.11365292607965528,176.50980392156862,151.5,0.0031007622516124878
4,10,pond_4_cycle_10,9,0.12573099415204678,0.543859649122807,19,43,93,0.3747254017805527,1.9598510164299607,0.9892814809962592,0.5124364560639071,8.251633986928105,1.6982257784056416,0.920849358745509,3.150537634408602,4.795709669021522,0.2070376080420698,0,-0.09488903173081134,194.2127659574468,202.5,0.0036547559161931274
4,11,pond_4_cycle_11,6,0.1794871794871795,0.782051282051282,13,28,61,0.13947863477559794,1.4926739926739916,1.1836302130251266,0.6132154882154882,7.507575757575758,1.6860553054243257,0.8988759808553783,4.049180327868853,6.604105363353406,0.2398250745861134,0,-0.08412684491442605,194.66129032258064,201.5,0.0037959557923140826
4,12,pond_4_cycle_12,5,0.3333333333333333,2.5277777777777777,9,24,91,0.3446443666223886,0.8897569444444445,2.2806371933299037,0.40624999999999994,4.553571428571429,2.192573793023201,0.8036038792941915,2.879120879120879,4.250059254057955,0.19229958414948728,0,-0.10658984573395071,215.6195652173913,225.5,0.003857692825271845
4,13,pond_4_cycle_13,9,0.10113960113960115,0.42165242165242167,27,71,148,0.3521731190650109,1.9895675312341954,0.9228596746472669,0.40454987320371943,12.448461538461538,2.746110614971076,0.9007491051698313,2.425675675675676,5.1825074909833155,0.3623508733844347,0,-0.054409230384833245,166.25503355704697,163,0.0034141192675330827
4,14,pond_4_cycle_14,6,0.17916666666666667,0.6916666666666667,16,43,83,0.4093482363187691,1.6706944444444458,0.9877858410313489,0.4219470899470899,7.142857142857143,1.7587033008200683,0.9393693862419149,3.397590361445783,3.929065423029063,0.07253992506505809,0,-0.10942278751412562,184.96428571428572,173,0.003770007459235525
4,15,pond_4_cycle_15,9,0.07056451612903226,0.2540322580645161,32,70,126,0.3319475938523557,3.051990927419348,0.6194833640827899,0.30115620302925195,12.99247311827957,2.754277760172384,0.9057668353294664,2.5952380952380953,3.0781255891950123,0.08511484911180482,0,0.01281888549768037,176.48031496062993,171,0.0034341205949542887
4,16,pond_4_cycle_16,7,0.12337662337662338,0.49783549783549785,22,57,115,0.3190170132325142,2.2640641104926864,0.8372504178422089,0.24816704459561598,8.380952380952381,4.026793715242447,0.8938464475068367,2.6869565217391305,3.245415707136475,0.09413758339017651,0,-0.10583780147535654,162.2844827586207,167,0.0034052324446976912
4,17,pond_4_cycle_17,8,0.08709677419354839,0.33763440860215055,31,81,157,0.34321879183739706,2.315394691926939,0.8133487458062761,0.44549872286079195,19.51264367816092,2.633969764481441,0.915995704660809,2.1910828025477707,2.7459381610162725,0.112386672562952,0,0.06738902065260946,174.70253164556962,174.5,0.0033477937564915243
4,18,pond_4_cycle_18,7,0.1761904761904762,1.0666666666666667,15,37,112,0.3560267857142857,1.4663721728007453,1.3821096885422208,0.3512558869701727,7.412087912087912,1.9512680658052917,0.872929062484808,2.5357142857142856,3.3313378840658143,0.13560874785631044,0,-0.015539835324133134,155.4867256637168,134,0.0033783989910127258
4,19,pond_4_cycle_19,6,0.2087912087912088,1.2857142857142858,14,38,117,0.30754620498210233,1.126648351648352,1.6941360593538248,0.3820512820512819,6.801282051282051,1.2698455958758526,0.8850163173809799,2.2051282051282053,2.044919952646581,-0.03769563226914239,0,-0.12087421968530683,180.364406779661,181.5,0.003887695255452452
4,20,pond_4_cycle_20,5,0.2638888888888889,2.138888888888889,9,19,77,0.28807556080283353,0.9668294668294674,2.086191997112459,0.5513392857142857,3.9464285714285716,1.1393947913461513,0.8498246853941227,4.48051948051948,6.783514051322068,0.20445558549629714,0,-0.12403541216401893,163.7051282051282,159,0.003152895344465933
4,21,pond_4_cycle_21,5,0.17032967032967034,0.8681318681318682,14,31,79,0.2620573626021471,1.721498342926914,1.1810945237358466,0.34566074950690334,6.5576923076923075,1.4593544712801254,0.8705272626846702,2.6835443037974684,3.539318722642524,0.13752101166440606,0,-0.11025223510981505,178.7125,179.5,0.005033485164203347
4,22,pond_4_cycle_22,6,0.2638888888888889,1.4722222222222223,9,19,53,0.0911356354574582,1.1292438271604943,1.6024246703970204,0.6183035714285714,6,1.3118967901154042,0.8930013227098161,5.264150943396227,8.389899933840383,0.2289246626182752,0,-0.15614881687323723,183.22222222222223,168.5,0.003385631943394155
4,23,pond_4_cycle_23,6,0.13970588235294118,0.5735294117647058,17,38,78,0.3422090729783038,2.3785539215686304,0.8176933585430487,0.4586371527777777,7.691666666666666,3.0503615516030056,0.8717438727969234,4.089743589743589,9.417014026757801,0.39441519484334364,0,-0.08786078295510386,151.8227848101266,172,0.0031512712557393674
4,24,pond_4_cycle_24,7,0.085,0.30333333333333334,25,51,91,0.37821519140200455,3.176384615384611,0.6351560188551262,0.21931312782762064,9.251811594202898,4.2823405274520034,0.8763831199330238,2.7472527472527473,4.780965515210422,0.2701452982703853,0,0.09974145851584369,179.66304347826087,169,0.004332228023722912
5,1,pond_5_cycle_1,9,0.11988304093567251,0.4269005847953216,19,41,73,0.3382435729029836,1.9757866889445828,0.8004658953513937,0.7571713870733479,13.691176470588236,2.557126251626088,0.921325008987732,3.3972602739726026,3.9851799277217825,0.07963757750645149,0,-0.040269394177983704,189.55405405405406,188.5,0.004288043192823603
5,2,pond_5_cycle_2,10,0.09401709401709402,0.2564102564102564,27,66,90,0.3585185185185185,2.556496743996737,0.6294497563107693,0.4745765004226542,12.887692307692308,4.46506889895776,0.9505695304877633,3.411111111111111,6.2222768412084655,0.29181485724557243,0,-0.06448773220775117,159.65934065934067,153,0.003937074098404493
5,3,pond_5_cycle_3,6,0.12087912087912088,0.31868131868131866,14,22,29,0.29726516052318663,2.5583864118895963,0.6289390706973125,0.6489151873767258,8.435897435897436,2.4762131814503086,0.9598143036402476,6.137931034482759,8.55120767549003,0.1642898667277778,0,0.12377308107079125,193.7,194.5,0.005889565417529764
5,4,pond_5_cycle_4,10,0.0868945868945869,0.28774928774928776,27,61,101,0.4893637878639349,2.755389363722695,0.6643436113516461,0.465207100591716,13.52923076923077,3.345630634063206,0.9362711738061739,2.712871287128713,3.761214255166452,0.16192911897578738,0,0.3645175739421341,193.81372549019608,187.5,0.003648458373568983
5,5,pond_5_cycle_5,10,0.1,0.3263157894736842,20,38,62,0.4334027055150885,2.4060018467220647,0.7124205254111704,0.7116035703293321,13.818713450292398,2.1970972050077835,0.9394683379098401,4.161290322580645,6.82376163841745,0.24237220955256128,0,-0.0960279095541059,188.95238095238096,200,0.004064310376602735
5,6,pond_5_cycle_6,8,0.17032967032967034,0.9230769230769231,14,31,84,0.2811791383219955,1.5419252908263903,1.3003738413501567,0.6019066403681788,9,2.2974157128369925,0.8504582666360563,3.25,3.849190182394339,0.08440261029776362,0,-0.09020768569118971,194.49411764705883,199,0.003536317696901637
5,7,pond_5_cycle_7,10,0.07142857142857142,0.20634920634920634,36,90,130,0.5033136094674556,3.0439758125472265,0.5627886970673284,0.3317249809014516,14.94439775910364,4.408080842948188,0.9455887674999905,2.2153846153846155,2.7925277243448,0.11524624829822167,0,0.38964335963785407,176.45801526717557,179,0.004106852316201709
5,8,pond_5_cycle_8,9,0.15073529411764705,0.6838235294117647,17,41,93,0.2589894785524338,2.028483893557425,1.068085192735287,0.5213194444444444,11.370833333333334,1.3517554821574953,0.9317275758641956,2.3118279569892475,2.9999220809578717,0.12954188714696338,0,0.013698990388431465,181.60638297872342,195.5,0.0048486095688055715
5,9,pond_5_cycle_9,10,0.07266009852216748,0.23891625615763548,29,59,97,0.46827505579764056,2.5541461412151016,0.6577590152875479,0.6886022927689593,17.732142857142858,2.9774901750503178,0.9418247855518229,2.5670103092783507,2.8900231274119497,0.05919201739938517,0,-0.18481279572104506,193.62244897959184,190.5,0.004475760101957549
5,10,pond_5_cycle_10,10,0.06666666666666667,0.2,31,62,93,0.394612093883686,4.113930704898484,0.5062872884342506,0.32651979565772665,11.10919540229885,4.484198047773323,0.9320768980854857,2.247311827956989,3.5620460472895004,0.22631317394553313,0,0.1925997961862449,188.27659574468086,192.5,0.005601364875975727
5,11,pond_5_cycle_11,10,0.07977207977207977,0.24786324786324787,27,56,87,0.44200026423569816,2.7381223714557015,0.6042348711048755,0.7093727810650888,18.636153846153846,2.7191660105551243,0.9327429743673445,1.9310344827586208,1.8159058438368534,-0.03072604015190575,0,-0.11919935405943097,166.6931818181818,169.5,0.005745837872534703
5,12,pond_5_cycle_12,10,0.07471264367816093,0.2896551724137931,30,65,126,0.4522549760644999,2.2814176245210587,0.7710643572619115,0.5588797350093426,19.365763546798032,3.0413576290046147,0.9029968818145223,2.1031746031746033,2.886740348779197,0.15702987989761005,0,-0.06560811891900128,166.8740157480315,165,0.004299833798237477
5,13,pond_5_cycle_13,9,0.056818181818181816,0.18181818181818182,33,60,96,0.4385850694444445,5.353855314508711,0.4656150861577209,0.3814185357862903,14.553427419354838,3.9927440322368897,0.9145722490230733,2.28125,2.958317889754599,0.12922208548505137,0,0.1328851602445225,175.8041237113402,181,0.005033853143541873
5,14,pond_5_cycle_14,10,0.05600539811066127,0.14439946018893388,39,83,107,0.46694034413485896,3.754011096116341,0.4497360494787195,0.31797211734884867,12.259144482828695,5.402805901640822,0.9470546589597267,2.205607476635514,3.8429998054708814,0.2707056769381057,0,0.5285780807851659,176.99074074074073,179,0.004910866823546507
5,15,pond_5_cycle_15,11,0.0553306342780027,0.1659919028340081,39,82,123,0.48271531495802766,3.3101112337954355,0.5265886333084102,0.40734820693269447,18.832147937411097,4.434500145795376,0.930379122911267,2.2113821138211383,2.8808355815412625,0.13146599532259018,0,0.005436091795275337,175.49193548387098,174.5,0.004181114042400208
5,16,pond_5_cycle_16,8,0.06666666666666667,0.18924731182795698,31,62,88,0.43904958677685957,3.993010752688174,0.5256779036876167,0.4597828863346105,14.881226053639848,2.294317344374111,0.9653252886895627,3.0454545454545454,7.447763053673047,0.41953847488919993,0,0.0594413064795087,191.14606741573033,195,0.004574581944571724
5,17,pond_5_cycle_17,10,0.0524390243902439,0.1548780487804878,41,86,127,0.533759067518135,3.603089430894336,0.5121840205377699,0.3410695207570208,19.892628205128204,4.033415242133562,0.9383420192446114,2.5118110236220472,3.221618792865503,0.12380159729212531,0,-0.046602783390056836,186.625,180.5,0.0036259642885916833
5,18,pond_5_cycle_18,11,0.07266009852216748,0.26108374384236455,29,59,106,0.4339622641509434,2.6176108374384204,0.6626282734992464,0.36379598135550517,13.824955908289244,2.8390337768125518,0.9119876410290828,3.009433962264151,5.056811122057943,0.2538203511536196,0,-0.0666704144984874,183.2803738317757,183,0.0036312701743126323
5,19,pond_5_cycle_19,10,0.043137254901960784,0.11450980392156863,51,110,146,0.5288984800150124,4.8025303454715305,0.4278527276838168,0.38250396501457734,20.124693877551024,4.095186032876047,0.9691489700212692,2.1095890410958904,3.832930431408455,0.2900018078672445,0,-0.04870488978059007,176.48979591836735,183,0.00392702950594256
5,20,pond_5_cycle_20,10,0.08160919540229886,0.27816091954022987,30,71,121,0.44648589577214676,2.5520388615216207,0.6829018057735714,0.5463308985901137,21.036330049261085,2.478252409068961,0.9294443376970647,2.256198347107438,3.210734406175205,0.17460175607512493,0,0.2846202573623125,157.63934426229508,163,0.004138716375164862
5,21,pond_5_cycle_21,8,0.13438735177865613,0.43478260869565216,23,68,110,0.415702479338843,2.102345661584798,0.8175820582808724,0.36250044721119107,9.075036075036076,2.8946438580636773,0.9427787480251805,2.8181818181818183,5.401633830613971,0.3142956147454026,0,0.20884110106089304,163.6216216216216,162,0.0037230475670471538
5,22,pond_5_cycle_22,9,0.09523809523809523,0.3142857142857143,21,40,66,0.38739669421487605,3.5003968253968223,0.6569242049578292,0.3952631578947368,10.535526315789474,1.3587701250676314,0.9527913608144449,4.742424242424242,8.679437426045194,0.2933283981662366,0,-0.0976837813241869,168.50746268656715,155,0.0036558045906715728
5,23,pond_5_cycle_23,7,0.12380952380952381,0.38095238095238093,21,52,80,0.4565625,2.4684920634920697,0.7082704678045467,0.37217105263157885,7.267543859649122,2.110728467187666,0.9621199215013744,3.725,15.608318943856977,0.6146548856078753,0,-0.02191754142296982,130.8148148148148,125,0.0036131652141767907
5,24,pond_5_cycle_24,6,0.13333333333333333,0.45,16,32,54,0.4272976680384088,2.2606944444444426,0.7672799050084302,0.49714285714285716,7.454761904761905,2.005694892108077,0.9306665987461602,4.944444444444445,17.657556687608302,0.5624772854795992,0,-0.010225127703140251,237.63636363636363,241,0.004106760190715337
6,1,pond_6_cycle_1,10,0.06912878787878787,0.19128787878787878,33,73,101,0.5003431036172924,3.6640174062049096,0.4989621476451131,0.3023428499423962,9.419354838709678,4.15360749942931,0.9510389878003479,2.732673267326733,5.654893613692323,0.348399051574603,0,-0.054623336701680986,176,151.5,0.003484726414626653
6,2,pond_6_cycle_2,12,0.04090909090909091,0.10606060606060606,45,81,105,0.44634920634920633,3.8273737373736743,0.47747495018581476,0.4718311551028253,26.786557434813243,3.7868070023774516,0.9698467420191121,2.3523809523809525,3.9927360784230896,0.2585224382905155,0,-0.02377066457444692,158.0188679245283,154,0.004353164133168926
6,3,pond_6_cycle_3,11,0.06881720430107527,0.1978494623655914,31,64,92,0.3915406427221172,3.347813620071664,0.5172852651238464,0.5305938697318008,18.9816091954023,2.971863319914019,0.9500345905713601,2.3043478260869565,3.019129961403016,0.13426976947208794,0,0.011796549200907757,174.80645161290323,179,0.0048735749098298906
6,4,pond_6_cycle_4,10,0.05587121212121212,0.13257575757575757,33,59,70,0.5481632653061224,4.071969696969712,0.43348732932616896,0.43904359879032256,14.714717741935484,2.2247290058915903,0.9866675823744122,4.3428571428571425,8.942466207000955,0.3462173214017363,0,0.04721872125733341,156.64788732394365,159,0.0036867911013765717
6,5,pond_6_cycle_5,10,0.09288537549407115,0.22924901185770752,23,47,58,0.4903388822829963,2.8043388429752083,0.5301971005237688,0.7381444313262495,16.461038961038962,3.8276386647949336,0.9689200865803167,3.396551724137931,5.785461679775856,0.26017278025532653,0,-0.049108026195033606,135.6271186440678,130,0.005215998623628702
6,6,pond_6_cycle_6,9,0.11403508771929824,0.5263157894736842,19,39,90,0.21358024691358027,2.1845295055821405,0.8693245831240214,0.6415214233841685,11.302287581699346,2.319778152864236,0.8527375899014128,3.011111111111111,3.357013267385645,0.054317745024349974,0,-0.15436751775156043,176.87912087912088,167,0.0038971897848857663
6,7,pond_6_cycle_7,10,0.048625792811839326,0.14904862579281183,44,92,141,0.44258337105779394,3.4953626799556714,0.5230203788535599,0.45894685979674,24.05730897009967,4.767265259452815,0.9262296268182085,1.9078014184397163,1.7764358748422486,-0.03565610278062344,0,-0.05024560952900761,170.14788732394365,180.5,0.004127079073817076
6,8,pond_6_cycle_8,10,0.07849462365591398,0.23440860215053763,31,73,109,0.5048817439609461,3.1380350742447485,0.5714447240982239,0.5039816639299398,14.702873563218391,3.378144875958038,0.9459240161668796,2.146788990825688,2.035907696706141,-0.02650952301898252,0,-0.07226298315366643,162.79090909090908,157.5,0.004482383826054942
6,9,pond_6_cycle_9,11,0.05317460317460317,0.1619047619047619,36,67,102,0.512879661668589,3.878941798941776,0.5323065894351082,0.5109243697478992,18.558823529411764,2.3177209110623713,0.9482785544541008,2.4215686274509802,3.032615687996952,0.11203271198871996,0,7.4046832085669e-4,181.25242718446603,171,0.004224958708559786
6,10,pond_6_cycle_10,10,0.08620689655172414,0.29064039408866993,29,70,118,0.3776213731686297,2.1838806787082605,0.7387208661332619,0.6049319727891157,18.744488536155206,3.1569518342460654,0.9233251747895305,2.2711864406779663,2.79395261769058,0.10320865251446698,0,-0.11269842670252254,188.19327731092437,187,0.00427579491357474
6,11,pond_6_cycle_11,10,0.06723484848484848,0.22727272727272727,33,71,120,0.42913194444444436,3.5999607820630493,0.5764227175017546,0.37890624999999994,16.641129032258064,3.5686873415523075,0.926738786892966,1.875,1.5038466084839701,-0.10984617963541114,0,0.038140164163803926,167.48760330578511,167,0.004597684558557962
6,12,pond_6_cycle_12,9,0.059379217273954114,0.1659919028340081,39,88,123,0.49765351312049705,3.268803587917156,0.5217951803348273,0.5284654113947744,22.55144618302513,3.3679785158833244,0.9576891875423252,1.934959349593496,2.41491213361648,0.11033723315172612,0,0.021535247779546813,189.25,186.5,0.004717037307567105
6,13,pond_6_cycle_13,10,0.050793650793650794,0.13015873015873017,36,64,82,0.5742861392028554,3.9412316615489758,0.4040291968755898,0.28809123649459784,12.05420168067227,2.6806329904874002,0.9752225393787722,2.402439024390244,4.631773667943079,0.31692738634170325,0,-0.07324570329770586,156.09638554216866,160,0.005514206080059015
6,14,pond_6_cycle_14,10,0.04106280193236715,0.11980676328502415,46,85,124,0.5391519250780438,4.65815310293576,0.41349337096407174,0.3556442199775533,16.884074074074075,5.303488304496349,0.928879535911457,2.0483870967741935,2.1217221058532383,0.017585872579269413,0,-0.10346635595688901,181.8,178,0.004219789254284393
6,15,pond_6_cycle_15,10,0.052564102564102565,0.14358974358974358,40,82,112,0.6339285714285715,4.29842268842268,0.41743885712233175,0.4780903606814539,18.251889338731445,5.358517963079469,0.9348288053841932,2.0535714285714284,2.29311262443987,0.05510895039691049,0,9.792221528853225e-4,192.02654867256638,180,0.004613869366891083
6,16,pond_6_cycle_16,12,0.053205128205128203,0.1564102564102564,40,83,122,0.4985219027143241,3.4072168803418568,0.5236705928628734,0.4043170055315805,18.465587044534413,3.458943586314669,0.9413839261369384,2.262295081967213,2.88857332364808,0.12158692328426032,0,-0.0472381583920863,177.1951219512195,176,0.003998187302973927
6,17,pond_6_cycle_17,9,0.08505747126436781,0.271264367816092,30,74,118,0.4164033323757541,2.631839080459763,0.685711326220408,0.2626812913036796,11.113711001642036,3.9122728855533504,0.930564479123908,2.347457627118644,3.5814744579657396,0.20813475565887385,0,0.011798677766843443,172.60504201680672,172,0.004171675699476506
6,18,pond_6_cycle_18,8,0.06881720430107527,0.22580645161290322,31,64,105,0.38476190476190475,2.945285807382584,0.620373577210345,0.3815887611749681,14.828735632183909,3.5043369184050106,0.916692237436051,2.638095238095238,4.818082545361735,0.2923733004466761,0,-0.05091204359287595,193.04716981132074,189.5,0.004095443298369034
6,19,pond_6_cycle_19,12,0.05202020202020202,0.14242424242424243,45,103,141,0.5367436245661688,3.631902356902347,0.45764146291211033,0.5398087641745147,26.245771670190276,6.303210509864047,0.9368795304144013,2.028368794326241,2.3902876766834917,0.08190699700955625,0,0.016110441197332955,168.3732394366197,173,0.003723907633646555
6,20,pond_6_cycle_20,10,0.053426248548199766,0.1835075493612079,42,92,158,0.41179298189392727,2.957073511080446,0.6004837823052677,0.41089530041641886,22.46280487804878,4.058200505874171,0.9148504129406835,1.7911392405063291,2.07211943397128,0.07273139521338037,0,0.019444366203794982,187,182,0.003916002768523257
6,21,pond_6_cycle_21,10,0.09462365591397849,0.3311827956989247,31,88,154,0.43936582897621856,2.68630428711075,0.6844655000508907,0.3818014048531291,13.583524904214558,6.025926945868157,0.8775696017204386,2.2337662337662336,2.9545405574776757,0.13892284182729192,0,0.08803967327887981,175.56129032258065,177,0.0032879349518203887
6,22,pond_6_cycle_22,8,0.1375,0.5416666666666666,16,33,65,0.12899408284023675,2.12517361111111,0.9930377778313061,0.5898412698412698,10.6,1.8556916545868047,0.9220730522890801,3.876923076923077,12.797103788928782,0.5349745915471741,0,-0.04762519982271121,107.01515151515152,108.5,0.004688238979110722
6,23,pond_6_cycle_23,7,0.0868945868945869,0.2934472934472934,27,61,103,0.3031388443774154,2.9964251797585018,0.6623257226963758,0.3705266272189348,9.37076923076923,3.423577202690973,0.9340094669432231,3.1844660194174756,12.584418916540058,0.5961076471354053,0,0.009771329364673812,122.97115384615384,125.5,0.0035393446719341887
6,24,pond_6_cycle_24,7,0.06818181818181818,0.25946969696969696,33,72,137,0.41621823219137943,3.047640882509292,0.6078877234738534,0.44675529233870975,15.772177419354838,4.949595140718774,0.8781973635804835,2.321167883211679,3.8038956551713556,0.24207549238764375,0,0.04901435027153639,157.731884057971,152.5,0.0036206810831291027
7,1,pond_7_cycle_1,9,0.14285714285714285,0.7582417582417582,14,26,69,0.2541482881747532,1.9235980289551686,1.1572672015708736,0.5714990138067061,8.897435897435898,1.4060114670318893,0.8679944270079252,4,7.961303469983823,0.33117657117591554,0,-0.091415313225058,166.3,173.5,0.003830821926757989
7,2,pond_7_cycle_2,8,0.14835164835164835,0.7032967032967034,14,27,64,0.14599609375,1.8934232434232423,1.0299231185621904,0.6863905325443787,9.012820512820513,2.267538498887316,0.8719412825886103,3.109375,4.320924311390088,0.16305524994570192,0,-0.07716627479111039,170.2153846153846,171,0.005084100179427557
7,3,pond_7_cycle_3,7,0.14705882352941177,0.5032679738562091,18,45,77,0.36329903862371393,1.8172113289760365,0.8940541611770523,0.6414359861591696,11.264705882352942,2.5789394849382017,0.9315176504414381,2.935064935064935,4.0175197321680365,0.1556909910359859,0,-0.08586190103118976,150.83333333333334,148,0.004862069181404223
7,4,pond_7_cycle_4,6,0.2638888888888889,1.4166666666666667,9,19,51,0.3667820069204152,1.0956790123456797,1.4416805018740002,0.7098214285714286,5.616071428571429,1.9583503522168961,0.9023092324053957,7.0588235294117645,12.492256425011268,0.2779096043935057,0,-0.17349401023876754,196.71153846153845,167.5,0.0025851901601813615
7,5,pond_7_cycle_5,6,0.26666666666666666,1.488888888888889,10,24,67,0.29939852973936293,1.2246825396825398,1.5758687608161825,0.470679012345679,4.527777777777778,1.1295467733035531,0.9063951957315863,5.08955223880597,11.124272319794992,0.37219596518871784,0,-0.08773071159679835,154.14705882352942,135,0.002820244804644676
7,6,pond_7_cycle_6,6,0.21818181818181817,1.4545454545454546,11,24,80,0.16898437500000002,1.3596861471861472,1.5952045328053692,0.5261111111111111,5.927777777777778,0.9287046977717244,0.8890819232525123,3.1,3.827283797397677,0.1049883069134385,0,-0.1921827854433783,183.53086419753086,179,0.004142505505894545
7,7,pond_7_cycle_7,8,0.15384615384615385,0.6373626373626373,14,28,58,0.3388822829964328,1.7383176347462084,1.0240062563094485,0.5355029585798816,6.961538461538462,2.057426281772953,0.9145182384451113,3.9310344827586206,5.422053954592243,0.15941466626995066,0,0.12435464122463266,175.27118644067798,168,0.004317204373011091
7,8,pond_7_cycle_8,7,0.1813186813186813,0.6813186813186813,14,33,62,0.3763007284079084,1.7478021978021963,1.0335199462288698,0.5836620644312951,8.403846153846153,2.6935477667954855,0.918447742471346,3.338709677419355,5.920078500772997,0.27880201746419236,0,-0.10023227947439378,141.88888888888889,147,0.004854921330893875
7,9,pond_7_cycle_9,8,0.14166666666666666,0.575,16,34,69,0.3219911783238815,1.9679861111111103,0.9039355928630971,0.4034920634920635,9.138095238095238,2.431985104180202,0.8862661778819017,3.0144927536231885,3.7278473271849073,0.10580222371046887,0,-0.057159069995705775,171.92857142857142,169.5,0.0048404602915881135
7,10,pond_7_cycle_10,9,0.13602941176470587,0.625,17,37,85,0.31058823529411766,1.819205729166669,1.0176274299099006,0.38125,7.420833333333333,2.52105093523193,0.8901369083701904,2.847058823529412,5.299384246245571,0.3010302044354551,0,-0.08239282875903478,178.62790697674419,178,0.004535101746252515
7,11,pond_7_cycle_11,7,0.1523809523809524,0.8476190476190476,15,32,89,0.0853427597525565,1.7451581751581746,1.1998705267671232,0.5963500784929356,10.274725274725276,2.201407591836475,0.8280536367443513,2.5730337078651684,3.8254163185481533,0.19573218600021064,0,-0.04733480049367321,158.53333333333333,155.5,0.004850523187337314
7,12,pond_7_cycle_12,7,0.1858974358974359,0.8333333333333334,13,29,65,0.09526627218934915,1.6040824915824914,1.1909180266633923,0.553030303030303,7.371212121212121,2.2938186527846463,0.874822577283193,3.1076923076923078,4.228338462546033,0.15275919498594426,0,0.07274443182039207,187.57575757575756,182.5,0.005499716879830552
7,13,pond_7_cycle_13,7,0.11764705882352941,0.5490196078431373,18,36,84,0.2512046485260771,2.418191603240621,0.8940709440724302,0.5053200692041523,11.080882352941176,1.9208097400981796,0.8578444807265695,3.0952380952380953,5.349516468677496,0.2669442144679876,0,-0.09673215717722534,169.01176470588234,156,0.004292603793091539
7,14,pond_7_cycle_14,8,0.16544117647058823,0.6470588235294118,17,45,88,0.27918388429752067,1.6097426470588252,0.9949232558095402,0.43598090277777785,7.1,2.54573327441157,0.9175166208009078,2.2613636363636362,2.9380356178126994,0.1301442625137004,0,-0.10387822113274926,200.2921348314607,195,0.005580931658122914
7,15,pond_7_cycle_15,9,0.08333333333333333,0.2733333333333333,25,50,82,0.36615110053539557,2.5561759259259227,0.663472988863703,0.6394675925925924,17.555253623188406,3.1210413169769304,0.9083616168481781,3.5609756097560976,6.676099920428537,0.30429826384374203,0,-0.07307219392236079,166.93975903614458,163,0.003811318211348017
7,16,pond_7_cycle_16,8,0.1038961038961039,0.4458874458874459,22,48,103,0.3177490809689886,2.1175002847080835,0.894704154561085,0.5014739229024944,11.961904761904762,2.7460702574945515,0.8820750262032119,2.3689320388349513,2.7079776524048778,0.06678188783916075,0,-0.03077542119882662,157.5096153846154,163.5,0.004293047302272187
7,17,pond_7_cycle_17,8,0.15714285714285714,0.7238095238095238,15,33,76,0.260387811634349,1.554399092970522,1.1225273186162676,0.667778649921507,10.027472527472527,1.2048962294782473,0.9185690402451802,3.6184210526315788,8.334613936691023,0.39456028433551155,0,-0.06239345380156835,147.36363636363637,158,0.0037993031069613937
7,18,pond_7_cycle_18,10,0.12091503267973856,0.5163398692810458,18,37,79,0.2806441275436629,2.058613445378152,0.9700195726548849,0.6572231833910035,12.351102941176471,1.34038262857737,0.9352255147881654,2.8987341772151898,5.331558045980846,0.2955938626224049,0,-0.0770390162025143,138.95,119.5,0.004144033297251449
7,19,pond_7_cycle_19,8,0.15,0.6333333333333333,16,36,76,0.08137119113573404,1.6853439153439136,1.070743387636512,0.7584126984126984,12.347619047619048,2.2052540639455502,0.9093016046231978,3.3947368421052633,7.084403427941167,0.3520963066390518,0,-0.08417343642948029,189.97402597402598,172,0.004009593710590385
7,20,pond_7_cycle_20,5,0.38095238095238093,2.4285714285714284,7,16,51,0.27143406382160706,1.000968872397444,2.365552924901107,0.5666666666666667,3.7333333333333334,1.3072831907107516,0.8521561481337173,4.666666666666667,8.135518832051627,0.270957811518373,0,-0.18936341659951653,172.67307692307693,146,0.003410907330424929
7,21,pond_7_cycle_21,10,0.08597883597883597,0.3492063492063492,28,65,132,0.4055325987144169,2.120756635987722,0.8283084307732285,0.7310330273293236,20.086894586894587,4.694132433547921,0.8654021915725691,2.393939393939394,2.8223686001978616,0.08213265143469103,0,-0.1364224594650214,193.14285714285714,183,0.0035737934922737296
7,22,pond_7_cycle_22,7,0.1813186813186813,0.9230769230769231,14,33,84,0.40221088435374147,1.5088744588744596,1.2240202731655667,0.6528599605522682,8.75,2.086481762798714,0.860120729291445,3.5,5.328938952685213,0.20715274649497536,0,-0.1370386084005091,177.0705882352941,169,0.003742231661331504
7,23,pond_7_cycle_23,8,0.17582417582417584,0.7582417582417582,14,32,69,0.2550934677588742,1.6439691261119809,1.1156509537921386,0.6985535831689678,9.5,1.2672093313889952,0.9109528280776216,4.811594202898551,12.28374746699504,0.4370870970806984,0,-0.08532186028379414,148.44285714285715,153,0.003498863555858001
7,24,pond_7_cycle_24,6,0.30357142857142855,2.0357142857142856,8,17,57,0.05478608802708529,1.011769480519481,1.9855010382347549,0.6292517006802721,4.190476190476191,1.2478811858816745,0.8409003513333712,5.2631578947368425,8.76992896980006,0.24989306407880937,0,-0.17435295842803725,188.8793103448276,178.5,0.003743645107766683
8,1,pond_8_cycle_1,10,0.10326086956521739,0.322463768115942,24,57,89,0.4443883348062113,2.2224033816425184,0.756409316856482,0.3644096923870081,12.624505928853756,2.0628249536328425,0.9539987130004968,3.044943820224719,5.842458449612144,0.3147730399108823,0,0.3285217326251215,160.04444444444445,162,0.004015615139991088
8,2,pond_8_cycle_2,10,0.09666666666666666,0.2966666666666667,25,58,89,0.44956444893321557,2.365162037037037,0.684074243848003,0.5077810487117552,11.619565217391305,1.401656155727874,0.9687274894969997,3,4.807664335582962,0.23152434042849926,0,0.18914328978581393,162.12222222222223,165.5,0.004105016180254623
8,3,pond_8_cycle_3,8,0.13421052631578947,0.37894736842105264,20,51,72,0.3036265432098765,2.1881578947368445,0.7503313062526401,0.31758489791730793,8.166666666666666,2.092746771765655,0.9664806334124293,4.222222222222222,8.809761267124358,0.3520215513357863,0,-0.018198882411763307,187.5068493150685,208,0.004008272851849972
8,4,pond_8_cycle_4,10,0.06628787878787878,0.17803030303030304,33,70,94,0.5278406518786782,3.00866477272727,0.5364996312745333,0.35808184223790324,13.764112903225806,2.7780665524424557,0.9702497794733456,2.627659574468085,3.953993605362992,0.20151989092335432,0,0.01373350991051634,166.50526315789475,164,0.0048699102756095645
8,5,pond_8_cycle_5,10,0.09076923076923077,0.29846153846153844,26,59,97,0.43819747050696145,2.317487179487172,0.7398902204065367,0.41663333333333336,13.149166666666666,2.0554469965649806,0.9491283631844895,2.185567010309278,2.8479886795597245,0.13160114043909302,0,0.1267046206805243,169.9591836734694,170.5,0.005184341811759292
8,6,pond_8_cycle_6,10,0.059379217273954114,0.1659919028340081,39,88,123,0.47104897878247076,3.358918128654965,0.5159716237579779,0.3005064225285833,13.495969653864389,2.462412114557549,0.9684279674430135,1.7317073170731707,1.6549635761021178,-0.02266052515634292,0,0.24981136465294065,173.1209677419355,172.5,0.005037765628059641
8,7,pond_8_cycle_7,7,0.1380952380952381,0.49523809523809526,15,29,52,0.46079881656804733,2.475623582766443,0.7644896551931056,0.46369701726844587,6.532967032967033,2.079857455808578,0.9031220624159245,4.288461538461538,13.855467581444247,0.5272841389402643,0,-0.003710360134743624,204,227,0.0037821264388655873
8,8,pond_8_cycle_8,12,0.058823529411764705,0.173109243697479,35,70,103,0.4397209916108965,3.1545518207282948,0.5729515162516335,0.6054183705567788,22.691176470588236,2.8685970214731435,0.9597656674315341,2.0388349514563107,2.090699902026842,0.012559513943025475,0,-0.04763460646183978,175.9903846153846,175,0.0047174970250173694
8,9,pond_8_cycle_9,10,0.09833333333333333,0.29,25,59,87,0.2943585678425155,2.1818411044973502,0.7275936608374679,0.5369678442028986,13.859601449275363,3.0744716850363507,0.953057379673639,3.3908045977011496,7.288660070559242,0.36498603571793314,0,-0.0630024324974768,193.8181818181818,212.5,0.003900286334800978
8,10,pond_8_cycle_10,11,0.0398989898989899,0.13131313131313133,45,79,130,0.5656804733727812,4.8446064541519265,0.43207331719360964,0.435791250240246,18.26083509513742,3.690996461870637,0.9146393802232057,2.5307692307692307,4.80501750279296,0.3100210454072695,0,-0.022518703452775415,154.8091603053435,157,0.003666234504810402
8,11,pond_8_cycle_11,8,0.13742690058479531,0.5730994152046783,19,47,98,0.3518846314035818,1.900501253132833,1.0221265659386671,0.6353939724037764,11.823529411764707,1.7508064282881057,0.9212469062286975,2.2346938775510203,2.9595242735854543,0.13954562071595777,0,-0.06561795036772496,153.14141414141415,156,0.005117988174174533
8,12,pond_8_cycle_12,9,0.05263157894736842,0.155049786628734,38,74,109,0.5247033078023735,3.4572444625076164,0.5250423871939237,0.28173781889998106,13.222222222222221,2.8136341514667524,0.9516511410488347,2.2110091743119265,2.624928198296355,0.08559230446799185,0,0.10079724293394163,175.12727272727273,170.5,0.004732501949104035
8,13,pond_8_cycle_13,11,0.09782608695652174,0.3007246376811594,24,54,83,0.3948323414138481,2.5167011732229154,0.6706834766363438,0.43907887953256575,9.596837944664031,2.704848917279786,0.9480628688120267,2.8674698795180724,4.818083528362373,0.2538026275172615,0,-0.07409049292919151,160.21428571428572,163.5,0.004531205787754431
8,14,pond_8_cycle_14,10,0.06774193548387097,0.1870967741935484,31,63,87,0.43321442726912407,2.9194444444444465,0.5796735936997122,0.4396794380587483,16.08735632183908,2.3865205950757598,0.9637105774778425,2.793103448275862,7.172521743682108,0.4394524388635783,0,-0.009972783236178786,179.01136363636363,181.5,0.0049796175576815715
8,15,pond_8_cycle_15,10,0.08874458874458875,0.2943722943722944,22,41,68,0.2991998269896194,3.0939754689754744,0.6699719694539092,0.5438775510204081,10.373809523809523,1.9239092090726635,0.9358800065321702,3.4411764705882355,9.069190674518945,0.449868028543977,0,-0.025818431626131896,159.3768115942029,158,0.00471856409077124
8,16,pond_8_cycle_16,9,0.08771929824561403,0.3157894736842105,19,30,54,0.2956104252400549,2.776337448559678,0.7032664815371098,0.6115649963689179,10.65359477124183,1.6719993854755213,0.9256823224640074,4.037037037037037,4.60501352286529,0.06572242107255993,0,-0.1452579523595609,179.54545454545453,175,0.004943035759355294
8,17,pond_8_cycle_17,8,0.1893939393939394,0.8787878787878788,12,25,58,0.25193222354340067,1.4623507805326,1.1149649725026805,0.3876033057851241,5.836363636363636,2.2083020973908787,0.9001124662775363,3.8793103448275863,7.108378022623915,0.2938805297173971,0,0.10004848876676904,160,168,0.0050851642439904456
8,18,pond_8_cycle_18,7,0.16025641025641027,0.7435897435897436,13,25,58,0.38703923900118903,1.698290598290597,1.0858683753091776,0.6534090909090909,7.621212121212121,1.0699634694351283,0.9250618325373571,4.431034482758621,6.009092727051136,0.1511531624643174,0,-0.03390100270571383,163.15254237288136,169,0.003632165557844497
8,19,pond_8_cycle_19,8,0.07846153846153846,0.2246153846153846,26,51,73,0.3623569149934322,2.7717333333333265,0.6075342645274374,0.5456111111111112,16.52,2.290453364437232,0.9611092398373522,2.6027397260273974,4.6479975557802105,0.2820758428090406,0,0.03153217361608595,182.17567567567568,170.5,0.005391627505157402
8,20,pond_8_cycle_20,8,0.19090909090909092,0.6909090909090909,11,21,38,0.28912742382271467,1.5818181818181822,0.9501298701298702,0.77,7.7,1.0393705303678602,0.9580811647293945,4.947368421052632,7.162014545299662,0.18288678542917927,0,-0.20158858526373266,152.43589743589743,146,0.005550245863795696
8,21,pond_8_cycle_21,9,0.07692307692307693,0.26153846153846155,26,50,85,0.4621453287197232,3.082998168498164,0.6489875987913231,0.46973333333333334,12.156666666666666,2.777943221992129,0.9349418085640973,3.164705882352941,4.259015811930558,0.14740718667030184,0,0.022023995587372936,171.53488372093022,163.5,0.004111482975294874
8,22,pond_8_cycle_22,10,0.11052631578947368,0.39473684210526316,20,42,75,0.4199111111111111,2.2902694235588963,0.7298721548469015,0.5574022776238843,10.497076023391813,2.3568655664125338,0.9158474246820953,3.92,8.35004450546482,0.36104551238520544,0,-0.10339721524482896,155.55263157894737,141.5,0.003941974480078216
8,23,pond_8_cycle_23,9,0.09941520467836257,0.4327485380116959,19,34,74,0.20407231555880204,2.791098115659519,0.8117773032420381,0.6787400145243282,12.509803921568627,1.8543005246330158,0.9110367176636822,3.7162162162162162,9.278817045336616,0.42805591314475033,0,-0.0835252304377834,163.4,159,0.004390732628434721
8,24,pond_8_cycle_24,9,0.08666666666666667,0.2833333333333333,25,52,85,0.32394463667820067,2.671388888888898,0.6719409505744276,0.4215784592822637,14.045289855072463,1.918092609170596,0.9363666624606954,2.541176470588235,4.374038509793216,0.2650477308955445,0,-6.941943215575196e-4,181.12790697674419,164.5,0.0045660579627213515
