MapDate,FIPS,County,State,None,D0,D1,D2,D3,D4,ValidStart,ValidEnd,StatisticFormatID
20250513,48225,Houston County,TX,100,0,0,0,0,0,5/13/2025,5/19/2025,1
20250506,48225,Houston County,TX,100,0,0,0,0,0,5/6/2025,5/12/2025,1
20250429,48225,Houston County,TX,35.41,64.59,0,0,0,0,4/29/2025,5/5/2025,1
20250422,48225,Houston County,TX,21.34,78.66,9.62,0,0,0,4/22/2025,4/28/2025,1
20250415,48225,Houston County,TX,80.38,19.62,0,0,0,0,4/15/2025,4/21/2025,1
20250408,48225,Houston County,TX,80.38,19.62,0,0,0,0,4/8/2025,4/14/2025,1
20250401,48225,Houston County,TX,77.9,22.1,0,0,0,0,4/1/2025,4/7/2025,1
20250325,48225,Houston County,TX,77.9,22.1,0,0,0,0,3/25/2025,3/31/2025,1
20250318,48225,Houston County,TX,86.19,13.81,0,0,0,0,3/18/2025,3/24/2025,1
20250311,48225,Houston County,TX,100,0,0,0,0,0,3/11/2025,3/17/2025,1
20250304,48225,Houston County,TX,100,0,0,0,0,0,3/4/2025,3/10/2025,1
20250225,48225,Houston County,TX,100,0,0,0,0,0,2/25/2025,3/3/2025,1
20250218,48225,Houston County,TX,100,0,0,0,0,0,2/18/2025,2/24/2025,1
20250211,48225,Houston County,TX,100,0,0,0,0,0,2/11/2025,2/17/2025,1
20250204,48225,Houston County,TX,100,0,0,0,0,0,2/4/2025,2/10/2025,1
20250128,48225,Houston County,TX,100,0,0,0,0,0,1/28/2025,2/3/2025,1
20250121,48225,Houston County,TX,100,0,0,0,0,0,1/21/2025,1/27/2025,1
20250114,48225,Houston County,TX,100,0,0,0,0,0,1/14/2025,1/20/2025,1
20250107,48225,Houston County,TX,78.65,21.35,0,0,0,0,1/7/2025,1/13/2025,1
20241231,48225,Houston County,TX,66.58,33.42,0,0,0,0,12/31/2024,1/6/2025,1
20241224,48225,Houston County,TX,0,100,33.42,0,0,0,12/24/2024,12/30/2024,1
20241217,48225,Houston County,TX,0,100,0,0,0,0,12/17/2024,12/23/2024,1
20241210,48225,Houston County,TX,0,100,0,0,0,0,12/10/2024,12/16/2024,1
20241203,48225,Houston County,TX,0,100,0.1,0,0,0,12/3/2024,12/9/2024,1
20241126,48225,Houston County,TX,0,100,0.1,0,0,0,11/26/2024,12/2/2024,1
20241119,48225,Houston County,TX,0,100,0.1,0,0,0,11/19/2024,11/25/2024,1
20241112,48225,Houston County,TX,0,100,35.08,0,0,0,11/12/2024,11/18/2024,1
20241105,48225,Houston County,TX,0,100,100,0,0,0,11/5/2024,11/11/2024,1
20241029,48225,Houston County,TX,0,100,100,100,0,0,10/29/2024,11/4/2024,1
20241022,48225,Houston County,TX,0,100,100,0,0,0,10/22/2024,10/28/2024,1
20241015,48225,Houston County,TX,0,100,46.26,0,0,0,10/15/2024,10/21/2024,1
20241008,48225,Houston County,TX,0,100,45.01,0,0,0,10/8/2024,10/14/2024,1
20241001,48225,Houston County,TX,0,100,1.72,0,0,0,10/1/2024,10/7/2024,1
20240924,48225,Houston County,TX,0,100,0,0,0,0,9/24/2024,9/30/2024,1
20240917,48225,Houston County,TX,74.25,25.75,0,0,0,0,9/17/2024,9/23/2024,1
20240910,48225,Houston County,TX,74.35,25.65,0,0,0,0,9/10/2024,9/16/2024,1
20240903,48225,Houston County,TX,74.29,25.71,0,0,0,0,9/3/2024,9/9/2024,1
20240827,48225,Houston County,TX,0,100,0,0,0,0,8/27/2024,9/2/2024,1
20240820,48225,Houston County,TX,100,0,0,0,0,0,8/20/2024,8/26/2024,1
20240813,48225,Houston County,TX,100,0,0,0,0,0,8/13/2024,8/19/2024,1
20240806,48225,Houston County,TX,100,0,0,0,0,0,8/6/2024,8/12/2024,1
20240730,48225,Houston County,TX,100,0,0,0,0,0,7/30/2024,8/5/2024,1
20240723,48225,Houston County,TX,100,0,0,0,0,0,7/23/2024,7/29/2024,1
20240716,48225,Houston County,TX,100,0,0,0,0,0,7/16/2024,7/22/2024,1
20240709,48225,Houston County,TX,100,0,0,0,0,0,7/9/2024,7/15/2024,1
20240702,48225,Houston County,TX,100,0,0,0,0,0,7/2/2024,7/8/2024,1
20240625,48225,Houston County,TX,100,0,0,0,0,0,6/25/2024,7/1/2024,1
20240618,48225,Houston County,TX,100,0,0,0,0,0,6/18/2024,6/24/2024,1
20240611,48225,Houston County,TX,100,0,0,0,0,0,6/11/2024,6/17/2024,1
20240604,48225,Houston County,TX,100,0,0,0,0,0,6/4/2024,6/10/2024,1
20240528,48225,Houston County,TX,100,0,0,0,0,0,5/28/2024,6/3/2024,1
20240521,48225,Houston County,TX,100,0,0,0,0,0,5/21/2024,5/27/2024,1
20240514,48225,Houston County,TX,100,0,0,0,0,0,5/14/2024,5/20/2024,1
20240507,48225,Houston County,TX,100,0,0,0,0,0,5/7/2024,5/13/2024,1
20240430,48225,Houston County,TX,100,0,0,0,0,0,4/30/2024,5/6/2024,1
20240423,48225,Houston County,TX,100,0,0,0,0,0,4/23/2024,4/29/2024,1
20240416,48225,Houston County,TX,100,0,0,0,0,0,4/16/2024,4/22/2024,1
20240409,48225,Houston County,TX,100,0,0,0,0,0,4/9/2024,4/15/2024,1
20240402,48225,Houston County,TX,100,0,0,0,0,0,4/2/2024,4/8/2024,1
20240326,48225,Houston County,TX,100,0,0,0,0,0,3/26/2024,4/1/2024,1
20240319,48225,Houston County,TX,100,0,0,0,0,0,3/19/2024,3/25/2024,1
20240312,48225,Houston County,TX,100,0,0,0,0,0,3/12/2024,3/18/2024,1
20240305,48225,Houston County,TX,100,0,0,0,0,0,3/5/2024,3/11/2024,1
20240227,48225,Houston County,TX,100,0,0,0,0,0,2/27/2024,3/4/2024,1
20240220,48225,Houston County,TX,100,0,0,0,0,0,2/20/2024,2/26/2024,1
20240213,48225,Houston County,TX,100,0,0,0,0,0,2/13/2024,2/19/2024,1
20240206,48225,Houston County,TX,100,0,0,0,0,0,2/6/2024,2/12/2024,1
20240130,48225,Houston County,TX,100,0,0,0,0,0,1/30/2024,2/5/2024,1
20240123,48225,Houston County,TX,29.15,70.85,0,0,0,0,1/23/2024,1/29/2024,1
20240116,48225,Houston County,TX,0,100,69.66,0,0,0,1/16/2024,1/22/2024,1
20240109,48225,Houston County,TX,0,100,69.66,0,0,0,1/9/2024,1/15/2024,1
20240102,48225,Houston County,TX,0,100,100,23.13,0,0,1/2/2024,1/8/2024,1
20231226,48225,Houston County,TX,0,100,100,23.13,0,0,12/26/2023,1/1/2024,1
20231219,48225,Houston County,TX,0,100,100,23.13,0,0,12/19/2023,12/25/2023,1
20231212,48225,Houston County,TX,0,100,100,0,0,0,12/12/2023,12/18/2023,1
20231205,48225,Houston County,TX,0,100,39.71,0,0,0,12/5/2023,12/11/2023,1
20231128,48225,Houston County,TX,0,100,39.36,0,0,0,11/28/2023,12/4/2023,1
20231121,48225,Houston County,TX,0,100,38.79,0,0,0,11/21/2023,11/27/2023,1
20231114,48225,Houston County,TX,0,100,38.79,18.13,0,0,11/14/2023,11/20/2023,1
20231107,48225,Houston County,TX,0,100,100,19.85,0,0,11/7/2023,11/13/2023,1
20231031,48225,Houston County,TX,0,100,100,19.68,0,0,10/31/2023,11/6/2023,1
20231024,48225,Houston County,TX,0,100,100,100,20.25,0,10/24/2023,10/30/2023,1
20231017,48225,Houston County,TX,0,100,100,100,20.25,0,10/17/2023,10/23/2023,1
20231010,48225,Houston County,TX,0,100,100,100,30.71,0,10/10/2023,10/16/2023,1
20231003,48225,Houston County,TX,0,100,100,100,100,8.36,10/3/2023,10/9/2023,1
20230926,48225,Houston County,TX,0,100,100,100,100,0,9/26/2023,10/2/2023,1
20230919,48225,Houston County,TX,0,100,100,100,100,0,9/19/2023,9/25/2023,1
20230912,48225,Houston County,TX,0,100,100,100,100,0,9/12/2023,9/18/2023,1
20230905,48225,Houston County,TX,0,100,100,100,100,0,9/5/2023,9/11/2023,1
20230829,48225,Houston County,TX,0,100,100,100,99.77,0,8/29/2023,9/4/2023,1
20230822,48225,Houston County,TX,0,100,100,100,99.77,0,8/22/2023,8/28/2023,1
20230815,48225,Houston County,TX,0,100,100,100,0,0,8/15/2023,8/21/2023,1
20230808,48225,Houston County,TX,0,100,100,0,0,0,8/8/2023,8/14/2023,1
20230801,48225,Houston County,TX,0,100,65.52,0,0,0,8/1/2023,8/7/2023,1
20230725,48225,Houston County,TX,0,100,30.11,0,0,0,7/25/2023,7/31/2023,1
20230718,48225,Houston County,TX,0,100,0,0,0,0,7/18/2023,7/24/2023,1
20230711,48225,Houston County,TX,76.2,23.8,0,0,0,0,7/11/2023,7/17/2023,1
20230704,48225,Houston County,TX,100,0,0,0,0,0,7/4/2023,7/10/2023,1
20230627,48225,Houston County,TX,100,0,0,0,0,0,6/27/2023,7/3/2023,1
20230620,48225,Houston County,TX,100,0,0,0,0,0,6/20/2023,6/26/2023,1
20230613,48225,Houston County,TX,100,0,0,0,0,0,6/13/2023,6/19/2023,1
20230606,48225,Houston County,TX,100,0,0,0,0,0,6/6/2023,6/12/2023,1
20230530,48225,Houston County,TX,100,0,0,0,0,0,5/30/2023,6/5/2023,1
20230523,48225,Houston County,TX,100,0,0,0,0,0,5/23/2023,5/29/2023,1
20230516,48225,Houston County,TX,100,0,0,0,0,0,5/16/2023,5/22/2023,1
20230509,48225,Houston County,TX,100,0,0,0,0,0,5/9/2023,5/15/2023,1
20230502,48225,Houston County,TX,100,0,0,0,0,0,5/2/2023,5/8/2023,1
20230425,48225,Houston County,TX,100,0,0,0,0,0,4/25/2023,5/1/2023,1
20230418,48225,Houston County,TX,84.87,15.13,0,0,0,0,4/18/2023,4/24/2023,1
20230411,48225,Houston County,TX,84.87,15.13,0,0,0,0,4/11/2023,4/17/2023,1
20230404,48225,Houston County,TX,41.92,58.08,0,0,0,0,4/4/2023,4/10/2023,1
20230328,48225,Houston County,TX,41.9,58.1,0,0,0,0,3/28/2023,4/3/2023,1
20230321,48225,Houston County,TX,49.58,50.42,0,0,0,0,3/21/2023,3/27/2023,1
20230314,48225,Houston County,TX,49.58,50.42,0,0,0,0,3/14/2023,3/20/2023,1
20230307,48225,Houston County,TX,48.92,51.08,0,0,0,0,3/7/2023,3/13/2023,1
20230228,48225,Houston County,TX,100,0,0,0,0,0,2/28/2023,3/6/2023,1
20230221,48225,Houston County,TX,100,0,0,0,0,0,2/21/2023,2/27/2023,1
20230214,48225,Houston County,TX,100,0,0,0,0,0,2/14/2023,2/20/2023,1
20230207,48225,Houston County,TX,87.99,12.01,0.05,0,0,0,2/7/2023,2/13/2023,1
20230131,48225,Houston County,TX,84.38,15.62,0.05,0,0,0,1/31/2023,2/6/2023,1
20230124,48225,Houston County,TX,79.74,20.26,0.05,0,0,0,1/24/2023,1/30/2023,1
20230117,48225,Houston County,TX,79.74,20.26,0.05,0,0,0,1/17/2023,1/23/2023,1
20230110,48225,Houston County,TX,79.12,20.88,0.05,0,0,0,1/10/2023,1/16/2023,1
20230103,48225,Houston County,TX,81.26,18.74,0.05,0,0,0,1/3/2023,1/9/2023,1
20221227,48225,Houston County,TX,3.37,96.63,13.77,0,0,0,12/27/2022,1/2/2023,1
20221220,48225,Houston County,TX,3.37,96.63,13.77,0,0,0,12/20/2022,12/26/2022,1
20221213,48225,Houston County,TX,0,100,30.98,0,0,0,12/13/2022,12/19/2022,1
20221206,48225,Houston County,TX,0,100,0,0,0,0,12/6/2022,12/12/2022,1
20221129,48225,Houston County,TX,0,100,0,0,0,0,11/29/2022,12/5/2022,1
20221122,48225,Houston County,TX,0,100,100,0,0,0,11/22/2022,11/28/2022,1
20221115,48225,Houston County,TX,0,100,100,0,0,0,11/15/2022,11/21/2022,1
20221108,48225,Houston County,TX,0,100,100,19.66,0,0,11/8/2022,11/14/2022,1
20221101,48225,Houston County,TX,0,100,100,16.42,0,0,11/1/2022,11/7/2022,1
20221025,48225,Houston County,TX,0,100,100,16.42,0,0,10/25/2022,10/31/2022,1
20221018,48225,Houston County,TX,0,100,100,16.42,0,0,10/18/2022,10/24/2022,1
20221011,48225,Houston County,TX,0,100,100,0,0,0,10/11/2022,10/17/2022,1
20221004,48225,Houston County,TX,0,100,45.34,0,0,0,10/4/2022,10/10/2022,1
20220927,48225,Houston County,TX,44.28,55.72,0,0,0,0,9/27/2022,10/3/2022,1
20220920,48225,Houston County,TX,73.86,26.14,0,0,0,0,9/20/2022,9/26/2022,1
20220913,48225,Houston County,TX,73.86,26.14,0,0,0,0,9/13/2022,9/19/2022,1
20220906,48225,Houston County,TX,73.95,26.05,0,0,0,0,9/6/2022,9/12/2022,1
20220830,48225,Houston County,TX,0,100,56.09,0,0,0,8/30/2022,9/5/2022,1
20220823,48225,Houston County,TX,0,100,99.97,69.87,0,0,8/23/2022,8/29/2022,1
20220816,48225,Houston County,TX,0,100,100,100,1.53,0,8/16/2022,8/22/2022,1
20220809,48225,Houston County,TX,0,100,100,100,1.75,0,8/9/2022,8/15/2022,1
20220802,48225,Houston County,TX,0,100,100,100,0,0,8/2/2022,8/8/2022,1
20220726,48225,Houston County,TX,0,100,100,32.33,0,0,7/26/2022,8/1/2022,1
20220719,48225,Houston County,TX,0,100,97.94,1.72,0,0,7/19/2022,7/25/2022,1
20220712,48225,Houston County,TX,0,100,98.24,0,0,0,7/12/2022,7/18/2022,1
20220705,48225,Houston County,TX,0,100,98.24,0,0,0,7/5/2022,7/11/2022,1
20220628,48225,Houston County,TX,0,100,87.93,0,0,0,6/28/2022,7/4/2022,1
20220621,48225,Houston County,TX,0.1,99.9,13.53,0,0,0,6/21/2022,6/27/2022,1
20220614,48225,Houston County,TX,0.1,99.9,13.53,0,0,0,6/14/2022,6/20/2022,1
20220607,48225,Houston County,TX,40.9,59.1,0,0,0,0,6/7/2022,6/13/2022,1
20220531,48225,Houston County,TX,79.24,20.76,0,0,0,0,5/31/2022,6/6/2022,1
20220524,48225,Houston County,TX,79.24,20.76,0,0,0,0,5/24/2022,5/30/2022,1
20220517,48225,Houston County,TX,79.24,20.76,0,0,0,0,5/17/2022,5/23/2022,1
20220510,48225,Houston County,TX,100,0,0,0,0,0,5/10/2022,5/16/2022,1
20220503,48225,Houston County,TX,100,0,0,0,0,0,5/3/2022,5/9/2022,1
20220426,48225,Houston County,TX,100,0,0,0,0,0,4/26/2022,5/2/2022,1
20220419,48225,Houston County,TX,84.58,15.42,0,0,0,0,4/19/2022,4/25/2022,1
20220412,48225,Houston County,TX,42.02,57.98,8.56,0,0,0,4/12/2022,4/18/2022,1
20220405,48225,Houston County,TX,42.16,57.84,8.49,0,0,0,4/5/2022,4/11/2022,1
20220329,48225,Houston County,TX,15.26,84.74,55.74,0,0,0,3/29/2022,4/4/2022,1
20220322,48225,Houston County,TX,21.68,78.32,56.96,0,0,0,3/22/2022,3/28/2022,1
20220315,48225,Houston County,TX,0,100,100,45.13,0,0,3/15/2022,3/21/2022,1
20220308,48225,Houston County,TX,0,100,100,45.13,0,0,3/8/2022,3/14/2022,1
20220301,48225,Houston County,TX,0,100,100,45.13,0,0,3/1/2022,3/7/2022,1
20220222,48225,Houston County,TX,0,100,100,4.62,0,0,2/22/2022,2/28/2022,1
20220215,48225,Houston County,TX,0,100,100,4.62,0,0,2/15/2022,2/21/2022,1
20220208,48225,Houston County,TX,0,100,100,4.62,0,0,2/8/2022,2/14/2022,1
20220201,48225,Houston County,TX,0,100,100,64.68,3.35,0,2/1/2022,2/7/2022,1
20220125,48225,Houston County,TX,0,100,100,64.68,3.35,0,1/25/2022,1/31/2022,1
20220118,48225,Houston County,TX,0,100,100,57.39,0,0,1/18/2022,1/24/2022,1
20220111,48225,Houston County,TX,0,100,100,57.39,0,0,1/11/2022,1/17/2022,1
20220104,48225,Houston County,TX,0,100,100,54.02,0,0,1/4/2022,1/10/2022,1
20211228,48225,Houston County,TX,0,100,76.02,0,0,0,12/28/2021,1/3/2022,1
20211221,48225,Houston County,TX,0,100,57.23,0,0,0,12/21/2021,12/27/2021,1
20211214,48225,Houston County,TX,0,100,56.12,0,0,0,12/14/2021,12/20/2021,1
20211207,48225,Houston County,TX,0,100,55.54,0,0,0,12/7/2021,12/13/2021,1
20211130,48225,Houston County,TX,0,100,49.34,0,0,0,11/30/2021,12/6/2021,1
20211123,48225,Houston County,TX,0,100,49.34,0,0,0,11/23/2021,11/29/2021,1
20211116,48225,Houston County,TX,0,100,49.34,0,0,0,11/16/2021,11/22/2021,1
20211109,48225,Houston County,TX,0,100,49.34,0,0,0,11/9/2021,11/15/2021,1
20211102,48225,Houston County,TX,0,100,49.34,0,0,0,11/2/2021,11/8/2021,1
20211026,48225,Houston County,TX,0,100,48.72,0,0,0,10/26/2021,11/1/2021,1
20211019,48225,Houston County,TX,19.16,80.84,48.72,0,0,0,10/19/2021,10/25/2021,1
20211012,48225,Houston County,TX,18.14,81.86,49.35,0,0,0,10/12/2021,10/18/2021,1
20211005,48225,Houston County,TX,18.14,81.86,21.42,0,0,0,10/5/2021,10/11/2021,1
20210928,48225,Houston County,TX,0,100,0,0,0,0,9/28/2021,10/4/2021,1
20210921,48225,Houston County,TX,0,100,0,0,0,0,9/21/2021,9/27/2021,1
20210914,48225,Houston County,TX,100,0,0,0,0,0,9/14/2021,9/20/2021,1
20210907,48225,Houston County,TX,100,0,0,0,0,0,9/7/2021,9/13/2021,1
20210831,48225,Houston County,TX,100,0,0,0,0,0,8/31/2021,9/6/2021,1
20210824,48225,Houston County,TX,100,0,0,0,0,0,8/24/2021,8/30/2021,1
20210817,48225,Houston County,TX,100,0,0,0,0,0,8/17/2021,8/23/2021,1
20210810,48225,Houston County,TX,100,0,0,0,0,0,8/10/2021,8/16/2021,1
20210803,48225,Houston County,TX,100,0,0,0,0,0,8/3/2021,8/9/2021,1
20210727,48225,Houston County,TX,100,0,0,0,0,0,7/27/2021,8/2/2021,1
20210720,48225,Houston County,TX,100,0,0,0,0,0,7/20/2021,7/26/2021,1
20210713,48225,Houston County,TX,100,0,0,0,0,0,7/13/2021,7/19/2021,1
20210706,48225,Houston County,TX,100,0,0,0,0,0,7/6/2021,7/12/2021,1
20210629,48225,Houston County,TX,100,0,0,0,0,0,6/29/2021,7/5/2021,1
20210622,48225,Houston County,TX,100,0,0,0,0,0,6/22/2021,6/28/2021,1
20210615,48225,Houston County,TX,100,0,0,0,0,0,6/15/2021,6/21/2021,1
20210608,48225,Houston County,TX,100,0,0,0,0,0,6/8/2021,6/14/2021,1
20210601,48225,Houston County,TX,100,0,0,0,0,0,6/1/2021,6/7/2021,1
20210525,48225,Houston County,TX,100,0,0,0,0,0,5/25/2021,5/31/2021,1
20210518,48225,Houston County,TX,100,0,0,0,0,0,5/18/2021,5/24/2021,1
20210511,48225,Houston County,TX,100,0,0,0,0,0,5/11/2021,5/17/2021,1
20210504,48225,Houston County,TX,81.35,18.65,0,0,0,0,5/4/2021,5/10/2021,1
20210427,48225,Houston County,TX,0,100,51.11,0,0,0,4/27/2021,5/3/2021,1
20210420,48225,Houston County,TX,0,100,80.67,0,0,0,4/20/2021,4/26/2021,1
20210413,48225,Houston County,TX,0,100,89.69,0,0,0,4/13/2021,4/19/2021,1
20210406,48225,Houston County,TX,0,100,100,0,0,0,4/6/2021,4/12/2021,1
20210330,48225,Houston County,TX,0,100,100,0,0,0,3/30/2021,4/5/2021,1
20210323,48225,Houston County,TX,0,100,60.48,0,0,0,3/23/2021,3/29/2021,1
20210316,48225,Houston County,TX,0,100,58.63,0,0,0,3/16/2021,3/22/2021,1
20210309,48225,Houston County,TX,0,100,32.83,0,0,0,3/9/2021,3/15/2021,1
20210302,48225,Houston County,TX,23.03,76.97,21.97,0,0,0,3/2/2021,3/8/2021,1
20210223,48225,Houston County,TX,51.42,48.58,0,0,0,0,2/23/2021,3/1/2021,1
20210216,48225,Houston County,TX,99.28,0.72,0,0,0,0,2/16/2021,2/22/2021,1
20210209,48225,Houston County,TX,99.28,0.72,0,0,0,0,2/9/2021,2/15/2021,1
20210202,48225,Houston County,TX,99.28,0.72,0,0,0,0,2/2/2021,2/8/2021,1
20210126,48225,Houston County,TX,99.28,0.72,0,0,0,0,1/26/2021,2/1/2021,1
20210119,48225,Houston County,TX,99.28,0.72,0,0,0,0,1/19/2021,1/25/2021,1
20210112,48225,Houston County,TX,99.67,0.33,0,0,0,0,1/12/2021,1/18/2021,1
20210105,48225,Houston County,TX,1.39,98.61,0.4,0,0,0,1/5/2021,1/11/2021,1
20201229,48225,Houston County,TX,0,100,98.68,0,0,0,12/29/2020,1/4/2021,1
20201222,48225,Houston County,TX,0,100,98.68,0,0,0,12/22/2020,12/28/2020,1
20201215,48225,Houston County,TX,0,100,100,0,0,0,12/15/2020,12/21/2020,1
20201208,48225,Houston County,TX,0,100,100,8.58,0,0,12/8/2020,12/14/2020,1
20201201,48225,Houston County,TX,0,100,100,8.58,0,0,12/1/2020,12/7/2020,1
20201124,48225,Houston County,TX,0,100,100,42.99,0,0,11/24/2020,11/30/2020,1
20201117,48225,Houston County,TX,0,100,100,41.74,0,0,11/17/2020,11/23/2020,1
20201110,48225,Houston County,TX,0,100,82.49,1.91,0,0,11/10/2020,11/16/2020,1
20201103,48225,Houston County,TX,17.59,82.41,12.11,0,0,0,11/3/2020,11/9/2020,1
20201027,48225,Houston County,TX,67.82,32.18,2.36,0,0,0,10/27/2020,11/2/2020,1
20201020,48225,Houston County,TX,87.52,12.48,0,0,0,0,10/20/2020,10/26/2020,1
20201013,48225,Houston County,TX,97.42,2.58,0,0,0,0,10/13/2020,10/19/2020,1
20201006,48225,Houston County,TX,97.42,2.58,0,0,0,0,10/6/2020,10/12/2020,1
20200929,48225,Houston County,TX,100,0,0,0,0,0,9/29/2020,10/5/2020,1
20200922,48225,Houston County,TX,100,0,0,0,0,0,9/22/2020,9/28/2020,1
20200915,48225,Houston County,TX,100,0,0,0,0,0,9/15/2020,9/21/2020,1
20200908,48225,Houston County,TX,87.49,12.51,0,0,0,0,9/8/2020,9/14/2020,1
20200901,48225,Houston County,TX,49.53,50.47,13.73,0,0,0,9/1/2020,9/7/2020,1
20200825,48225,Houston County,TX,47.65,52.35,13.73,0,0,0,8/25/2020,8/31/2020,1
20200818,48225,Houston County,TX,81.82,18.18,5.11,0,0,0,8/18/2020,8/24/2020,1
20200811,48225,Houston County,TX,2.57,97.43,0.01,0,0,0,8/11/2020,8/17/2020,1
20200804,48225,Houston County,TX,65.06,34.94,0.01,0,0,0,8/4/2020,8/10/2020,1
20200728,48225,Houston County,TX,11.89,88.11,13.42,0,0,0,7/28/2020,8/3/2020,1
20200721,48225,Houston County,TX,33.07,66.93,14.43,0,0,0,7/21/2020,7/27/2020,1
20200714,48225,Houston County,TX,33.07,66.93,11.19,0,0,0,7/14/2020,7/20/2020,1
20200707,48225,Houston County,TX,65.64,34.36,0,0,0,0,7/7/2020,7/13/2020,1
20200630,48225,Houston County,TX,14.03,85.97,0,0,0,0,6/30/2020,7/6/2020,1
20200623,48225,Houston County,TX,2.22,97.78,0,0,0,0,6/23/2020,6/29/2020,1
20200616,48225,Houston County,TX,48.36,51.64,0,0,0,0,6/16/2020,6/22/2020,1
20200609,48225,Houston County,TX,100,0,0,0,0,0,6/9/2020,6/15/2020,1
20200602,48225,Houston County,TX,100,0,0,0,0,0,6/2/2020,6/8/2020,1
20200526,48225,Houston County,TX,100,0,0,0,0,0,5/26/2020,6/1/2020,1
20200519,48225,Houston County,TX,100,0,0,0,0,0,5/19/2020,5/25/2020,1
20200512,48225,Houston County,TX,100,0,0,0,0,0,5/12/2020,5/18/2020,1
20200505,48225,Houston County,TX,100,0,0,0,0,0,5/5/2020,5/11/2020,1
20200428,48225,Houston County,TX,100,0,0,0,0,0,4/28/2020,5/4/2020,1
20200421,48225,Houston County,TX,100,0,0,0,0,0,4/21/2020,4/27/2020,1
20200414,48225,Houston County,TX,100,0,0,0,0,0,4/14/2020,4/20/2020,1
20200407,48225,Houston County,TX,100,0,0,0,0,0,4/7/2020,4/13/2020,1
20200331,48225,Houston County,TX,100,0,0,0,0,0,3/31/2020,4/6/2020,1
20200324,48225,Houston County,TX,100,0,0,0,0,0,3/24/2020,3/30/2020,1
20200317,48225,Houston County,TX,33.42,66.58,0,0,0,0,3/17/2020,3/23/2020,1
20200310,48225,Houston County,TX,33.42,66.58,0,0,0,0,3/10/2020,3/16/2020,1
20200303,48225,Houston County,TX,33.42,66.58,0,0,0,0,3/3/2020,3/9/2020,1
20200225,48225,Houston County,TX,2.38,97.62,0,0,0,0,2/25/2020,3/2/2020,1
20200218,48225,Houston County,TX,0,100,82.56,35.71,0,0,2/18/2020,2/24/2020,1
20200211,48225,Houston County,TX,0,100,100,35.85,0,0,2/11/2020,2/17/2020,1
20200204,48225,Houston County,TX,0,100,100,68.88,0,0,2/4/2020,2/10/2020,1
20200128,48225,Houston County,TX,0,100,100,68.88,0,0,1/28/2020,2/3/2020,1
20200121,48225,Houston County,TX,0,100,100,96.53,0,0,1/21/2020,1/27/2020,1
20200114,48225,Houston County,TX,0,100,100,20.06,0,0,1/14/2020,1/20/2020,1
20200107,48225,Houston County,TX,0,100,100,20.06,0,0,1/7/2020,1/13/2020,1
20191231,48225,Houston County,TX,0,100,75.35,19.55,0,0,12/31/2019,1/6/2020,1
20191224,48225,Houston County,TX,0,100,75.34,19.55,0,0,12/24/2019,12/30/2019,1
20191217,48225,Houston County,TX,0.02,99.98,70.38,6.01,0,0,12/17/2019,12/23/2019,1
20191210,48225,Houston County,TX,3.6,96.4,47.83,0,0,0,12/10/2019,12/16/2019,1
20191203,48225,Houston County,TX,3.16,96.84,40.69,0,0,0,12/3/2019,12/9/2019,1
20191126,48225,Houston County,TX,36.2,63.8,22.53,0,0,0,11/26/2019,12/2/2019,1
20191119,48225,Houston County,TX,40.37,59.63,22.53,0,0,0,11/19/2019,11/25/2019,1
20191112,48225,Houston County,TX,40.37,59.63,6.48,0,0,0,11/12/2019,11/18/2019,1
20191105,48225,Houston County,TX,40.37,59.63,6.48,0,0,0,11/5/2019,11/11/2019,1
20191029,48225,Houston County,TX,32.39,67.61,7.71,0,0,0,10/29/2019,11/4/2019,1
20191022,48225,Houston County,TX,32.39,67.61,7.71,0,0,0,10/22/2019,10/28/2019,1
20191015,48225,Houston County,TX,13.91,86.09,53.84,0,0,0,10/15/2019,10/21/2019,1
20191008,48225,Houston County,TX,1.71,98.29,83.18,23.03,0,0,10/8/2019,10/14/2019,1
20191001,48225,Houston County,TX,1.66,98.34,83.18,0,0,0,10/1/2019,10/7/2019,1
20190924,48225,Houston County,TX,1.73,98.27,82.03,0,0,0,9/24/2019,9/30/2019,1
20190917,48225,Houston County,TX,1.85,98.15,81.56,0,0,0,9/17/2019,9/23/2019,1
20190910,48225,Houston County,TX,1.85,98.15,81.11,0,0,0,9/10/2019,9/16/2019,1
20190903,48225,Houston County,TX,0.02,99.98,21.42,0,0,0,9/3/2019,9/9/2019,1
20190827,48225,Houston County,TX,0,100,42.08,0,0,0,8/27/2019,9/2/2019,1
20190820,48225,Houston County,TX,46.07,53.93,0,0,0,0,8/20/2019,8/26/2019,1
20190813,48225,Houston County,TX,100,0,0,0,0,0,8/13/2019,8/19/2019,1
20190806,48225,Houston County,TX,100,0,0,0,0,0,8/6/2019,8/12/2019,1
20190730,48225,Houston County,TX,100,0,0,0,0,0,7/30/2019,8/5/2019,1
20190723,48225,Houston County,TX,100,0,0,0,0,0,7/23/2019,7/29/2019,1
20190716,48225,Houston County,TX,100,0,0,0,0,0,7/16/2019,7/22/2019,1
20190709,48225,Houston County,TX,100,0,0,0,0,0,7/9/2019,7/15/2019,1
20190702,48225,Houston County,TX,100,0,0,0,0,0,7/2/2019,7/8/2019,1
20190625,48225,Houston County,TX,100,0,0,0,0,0,6/25/2019,7/1/2019,1
20190618,48225,Houston County,TX,100,0,0,0,0,0,6/18/2019,6/24/2019,1
20190611,48225,Houston County,TX,100,0,0,0,0,0,6/11/2019,6/17/2019,1
20190604,48225,Houston County,TX,100,0,0,0,0,0,6/4/2019,6/10/2019,1
20190528,48225,Houston County,TX,100,0,0,0,0,0,5/28/2019,6/3/2019,1
20190521,48225,Houston County,TX,100,0,0,0,0,0,5/21/2019,5/27/2019,1
20190514,48225,Houston County,TX,100,0,0,0,0,0,5/14/2019,5/20/2019,1
20190507,48225,Houston County,TX,100,0,0,0,0,0,5/7/2019,5/13/2019,1
20190430,48225,Houston County,TX,100,0,0,0,0,0,4/30/2019,5/6/2019,1
20190423,48225,Houston County,TX,100,0,0,0,0,0,4/23/2019,4/29/2019,1
20190416,48225,Houston County,TX,100,0,0,0,0,0,4/16/2019,4/22/2019,1
20190409,48225,Houston County,TX,100,0,0,0,0,0,4/9/2019,4/15/2019,1
20190402,48225,Houston County,TX,66.9,33.1,0,0,0,0,4/2/2019,4/8/2019,1
20190326,48225,Houston County,TX,66.46,33.54,0,0,0,0,3/26/2019,4/1/2019,1
20190319,48225,Houston County,TX,100,0,0,0,0,0,3/19/2019,3/25/2019,1
20190312,48225,Houston County,TX,100,0,0,0,0,0,3/12/2019,3/18/2019,1
20190305,48225,Houston County,TX,100,0,0,0,0,0,3/5/2019,3/11/2019,1
20190226,48225,Houston County,TX,100,0,0,0,0,0,2/26/2019,3/4/2019,1
20190219,48225,Houston County,TX,100,0,0,0,0,0,2/19/2019,2/25/2019,1
20190212,48225,Houston County,TX,100,0,0,0,0,0,2/12/2019,2/18/2019,1
20190205,48225,Houston County,TX,100,0,0,0,0,0,2/5/2019,2/11/2019,1
20190129,48225,Houston County,TX,100,0,0,0,0,0,1/29/2019,2/4/2019,1
20190122,48225,Houston County,TX,100,0,0,0,0,0,1/22/2019,1/28/2019,1
20190115,48225,Houston County,TX,100,0,0,0,0,0,1/15/2019,1/21/2019,1
20190108,48225,Houston County,TX,100,0,0,0,0,0,1/8/2019,1/14/2019,1
20190101,48225,Houston County,TX,100,0,0,0,0,0,1/1/2019,1/7/2019,1
20181225,48225,Houston County,TX,100,0,0,0,0,0,12/25/2018,12/31/2018,1
20181218,48225,Houston County,TX,100,0,0,0,0,0,12/18/2018,12/24/2018,1
20181211,48225,Houston County,TX,100,0,0,0,0,0,12/11/2018,12/17/2018,1
20181204,48225,Houston County,TX,100,0,0,0,0,0,12/4/2018,12/10/2018,1
20181127,48225,Houston County,TX,100,0,0,0,0,0,11/27/2018,12/3/2018,1
20181120,48225,Houston County,TX,100,0,0,0,0,0,11/20/2018,11/26/2018,1
20181113,48225,Houston County,TX,100,0,0,0,0,0,11/13/2018,11/19/2018,1
20181106,48225,Houston County,TX,100,0,0,0,0,0,11/6/2018,11/12/2018,1
20181030,48225,Houston County,TX,100,0,0,0,0,0,10/30/2018,11/5/2018,1
20181023,48225,Houston County,TX,100,0,0,0,0,0,10/23/2018,10/29/2018,1
20181016,48225,Houston County,TX,100,0,0,0,0,0,10/16/2018,10/22/2018,1
20181009,48225,Houston County,TX,99.66,0.34,0,0,0,0,10/9/2018,10/15/2018,1
20181002,48225,Houston County,TX,99.66,0.34,0,0,0,0,10/2/2018,10/8/2018,1
20180925,48225,Houston County,TX,99.66,0.34,0,0,0,0,9/25/2018,10/1/2018,1
20180918,48225,Houston County,TX,78.46,21.54,0.53,0,0,0,9/18/2018,9/24/2018,1
20180911,48225,Houston County,TX,21.7,78.3,21.54,0,0,0,9/11/2018,9/17/2018,1
20180904,48225,Houston County,TX,22.1,77.9,41.63,1.83,0,0,9/4/2018,9/10/2018,1
20180828,48225,Houston County,TX,20.33,79.67,41.63,13.36,0,0,8/28/2018,9/3/2018,1
20180821,48225,Houston County,TX,20.33,79.67,41.63,0,0,0,8/21/2018,8/27/2018,1
20180814,48225,Houston County,TX,20.99,79.01,18.2,0,0,0,8/14/2018,8/20/2018,1
20180807,48225,Houston County,TX,20.99,79.01,18.2,0,0,0,8/7/2018,8/13/2018,1
20180731,48225,Houston County,TX,21.06,78.94,16.16,0,0,0,7/31/2018,8/6/2018,1
20180724,48225,Houston County,TX,1.64,98.36,0,0,0,0,7/24/2018,7/30/2018,1
20180717,48225,Houston County,TX,3.35,96.65,0,0,0,0,7/17/2018,7/23/2018,1
20180710,48225,Houston County,TX,3.35,96.65,35.06,0,0,0,7/10/2018,7/16/2018,1
20180703,48225,Houston County,TX,0,100,94.86,0,0,0,7/3/2018,7/9/2018,1
20180626,48225,Houston County,TX,0.07,99.93,5.29,0,0,0,6/26/2018,7/2/2018,1
20180619,48225,Houston County,TX,0.07,99.93,5.29,0,0,0,6/19/2018,6/25/2018,1
20180612,48225,Houston County,TX,0.07,99.93,5.29,0,0,0,6/12/2018,6/18/2018,1
20180605,48225,Houston County,TX,52.77,47.23,0,0,0,0,6/5/2018,6/11/2018,1
20180529,48225,Houston County,TX,100,0,0,0,0,0,5/29/2018,6/4/2018,1
20180522,48225,Houston County,TX,100,0,0,0,0,0,5/22/2018,5/28/2018,1
20180515,48225,Houston County,TX,100,0,0,0,0,0,5/15/2018,5/21/2018,1
20180508,48225,Houston County,TX,100,0,0,0,0,0,5/8/2018,5/14/2018,1
20180501,48225,Houston County,TX,100,0,0,0,0,0,5/1/2018,5/7/2018,1
20180424,48225,Houston County,TX,100,0,0,0,0,0,4/24/2018,4/30/2018,1
20180417,48225,Houston County,TX,100,0,0,0,0,0,4/17/2018,4/23/2018,1
20180410,48225,Houston County,TX,100,0,0,0,0,0,4/10/2018,4/16/2018,1
20180403,48225,Houston County,TX,100,0,0,0,0,0,4/3/2018,4/9/2018,1
20180327,48225,Houston County,TX,96.57,3.43,0,0,0,0,3/27/2018,4/2/2018,1
20180320,48225,Houston County,TX,96.57,3.43,0,0,0,0,3/20/2018,3/26/2018,1
20180313,48225,Houston County,TX,79.12,20.88,0,0,0,0,3/13/2018,3/19/2018,1
20180306,48225,Houston County,TX,100,0,0,0,0,0,3/6/2018,3/12/2018,1
20180227,48225,Houston County,TX,100,0,0,0,0,0,2/27/2018,3/5/2018,1
20180220,48225,Houston County,TX,0,100,79.88,0,0,0,2/20/2018,2/26/2018,1
20180213,48225,Houston County,TX,0,100,79.88,0,0,0,2/13/2018,2/19/2018,1
20180206,48225,Houston County,TX,0,100,96.1,0,0,0,2/6/2018,2/12/2018,1
20180130,48225,Houston County,TX,0,100,88.39,0,0,0,1/30/2018,2/5/2018,1
20180123,48225,Houston County,TX,0,100,75.14,0,0,0,1/23/2018,1/29/2018,1
20180116,48225,Houston County,TX,0,100,0,0,0,0,1/16/2018,1/22/2018,1
20180109,48225,Houston County,TX,0,100,0,0,0,0,1/9/2018,1/15/2018,1
20180102,48225,Houston County,TX,31.51,68.49,0,0,0,0,1/2/2018,1/8/2018,1
20171226,48225,Houston County,TX,31.51,68.49,0,0,0,0,12/26/2017,1/1/2018,1
20171219,48225,Houston County,TX,30.13,69.87,23.77,0,0,0,12/19/2017,12/25/2017,1
20171212,48225,Houston County,TX,0,100,39.04,0.07,0,0,12/12/2017,12/18/2017,1
20171205,48225,Houston County,TX,0,100,39.04,0.07,0,0,12/5/2017,12/11/2017,1
20171128,48225,Houston County,TX,0,100,38.93,0,0,0,11/28/2017,12/4/2017,1
20171121,48225,Houston County,TX,19.79,80.21,0,0,0,0,11/21/2017,11/27/2017,1
20171114,48225,Houston County,TX,100,0,0,0,0,0,11/14/2017,11/20/2017,1
20171107,48225,Houston County,TX,100,0,0,0,0,0,11/7/2017,11/13/2017,1
20171031,48225,Houston County,TX,100,0,0,0,0,0,10/31/2017,11/6/2017,1
20171024,48225,Houston County,TX,100,0,0,0,0,0,10/24/2017,10/30/2017,1
20171017,48225,Houston County,TX,86.16,13.84,0,0,0,0,10/17/2017,10/23/2017,1
20171010,48225,Houston County,TX,100,0,0,0,0,0,10/10/2017,10/16/2017,1
20171003,48225,Houston County,TX,100,0,0,0,0,0,10/3/2017,10/9/2017,1
20170926,48225,Houston County,TX,100,0,0,0,0,0,9/26/2017,10/2/2017,1
20170919,48225,Houston County,TX,100,0,0,0,0,0,9/19/2017,9/25/2017,1
20170912,48225,Houston County,TX,100,0,0,0,0,0,9/12/2017,9/18/2017,1
20170905,48225,Houston County,TX,100,0,0,0,0,0,9/5/2017,9/11/2017,1
20170829,48225,Houston County,TX,100,0,0,0,0,0,8/29/2017,9/4/2017,1
20170822,48225,Houston County,TX,74.58,25.42,0,0,0,0,8/22/2017,8/28/2017,1
20170815,48225,Houston County,TX,100,0,0,0,0,0,8/15/2017,8/21/2017,1
20170808,48225,Houston County,TX,100,0,0,0,0,0,8/8/2017,8/14/2017,1
20170801,48225,Houston County,TX,100,0,0,0,0,0,8/1/2017,8/7/2017,1
20170725,48225,Houston County,TX,100,0,0,0,0,0,7/25/2017,7/31/2017,1
20170718,48225,Houston County,TX,100,0,0,0,0,0,7/18/2017,7/24/2017,1
20170711,48225,Houston County,TX,100,0,0,0,0,0,7/11/2017,7/17/2017,1
20170704,48225,Houston County,TX,100,0,0,0,0,0,7/4/2017,7/10/2017,1
20170627,48225,Houston County,TX,100,0,0,0,0,0,6/27/2017,7/3/2017,1
20170620,48225,Houston County,TX,100,0,0,0,0,0,6/20/2017,6/26/2017,1
20170613,48225,Houston County,TX,100,0,0,0,0,0,6/13/2017,6/19/2017,1
20170606,48225,Houston County,TX,100,0,0,0,0,0,6/6/2017,6/12/2017,1
20170530,48225,Houston County,TX,100,0,0,0,0,0,5/30/2017,6/5/2017,1
20170523,48225,Houston County,TX,100,0,0,0,0,0,5/23/2017,5/29/2017,1
20170516,48225,Houston County,TX,100,0,0,0,0,0,5/16/2017,5/22/2017,1
20170509,48225,Houston County,TX,100,0,0,0,0,0,5/9/2017,5/15/2017,1
20170502,48225,Houston County,TX,100,0,0,0,0,0,5/2/2017,5/8/2017,1
20170425,48225,Houston County,TX,100,0,0,0,0,0,4/25/2017,5/1/2017,1
20170418,48225,Houston County,TX,100,0,0,0,0,0,4/18/2017,4/24/2017,1
20170411,48225,Houston County,TX,87.11,12.89,0,0,0,0,4/11/2017,4/17/2017,1
20170404,48225,Houston County,TX,84.97,15.03,0,0,0,0,4/4/2017,4/10/2017,1
20170328,48225,Houston County,TX,0,100,12.13,0,0,0,3/28/2017,4/3/2017,1
20170321,48225,Houston County,TX,0,100,0.36,0,0,0,3/21/2017,3/27/2017,1
20170314,48225,Houston County,TX,0,100,0,0,0,0,3/14/2017,3/20/2017,1
20170307,48225,Houston County,TX,25.8,74.2,0,0,0,0,3/7/2017,3/13/2017,1
20170228,48225,Houston County,TX,100,0,0,0,0,0,2/28/2017,3/6/2017,1
20170221,48225,Houston County,TX,100,0,0,0,0,0,2/21/2017,2/27/2017,1
20170214,48225,Houston County,TX,36.75,63.25,0,0,0,0,2/14/2017,2/20/2017,1
20170207,48225,Houston County,TX,100,0,0,0,0,0,2/7/2017,2/13/2017,1
20170131,48225,Houston County,TX,100,0,0,0,0,0,1/31/2017,2/6/2017,1
20170124,48225,Houston County,TX,100,0,0,0,0,0,1/24/2017,1/30/2017,1
20170117,48225,Houston County,TX,100,0,0,0,0,0,1/17/2017,1/23/2017,1
20170110,48225,Houston County,TX,51.62,48.38,0,0,0,0,1/10/2017,1/16/2017,1
20170103,48225,Houston County,TX,100,0,0,0,0,0,1/3/2017,1/9/2017,1
20161227,48225,Houston County,TX,100,0,0,0,0,0,12/27/2016,1/2/2017,1
20161220,48225,Houston County,TX,100,0,0,0,0,0,12/20/2016,12/26/2016,1
20161213,48225,Houston County,TX,100,0,0,0,0,0,12/13/2016,12/19/2016,1
20161206,48225,Houston County,TX,97.32,2.68,0,0,0,0,12/6/2016,12/12/2016,1
20161129,48225,Houston County,TX,12.89,87.11,18.59,0,0,0,11/29/2016,12/5/2016,1
20161122,48225,Houston County,TX,12.89,87.11,18.59,0,0,0,11/22/2016,11/28/2016,1
20161115,48225,Houston County,TX,54.95,45.05,3.46,0,0,0,11/15/2016,11/21/2016,1
20161108,48225,Houston County,TX,92.34,7.66,0,0,0,0,11/8/2016,11/14/2016,1
20161101,48225,Houston County,TX,72.8,27.2,0,0,0,0,11/1/2016,11/7/2016,1
20161025,48225,Houston County,TX,72.44,27.56,0,0,0,0,10/25/2016,10/31/2016,1
20161018,48225,Houston County,TX,87.99,12.01,0,0,0,0,10/18/2016,10/24/2016,1
20161011,48225,Houston County,TX,94.64,5.36,0,0,0,0,10/11/2016,10/17/2016,1
20161004,48225,Houston County,TX,100,0,0,0,0,0,10/4/2016,10/10/2016,1
20160927,48225,Houston County,TX,100,0,0,0,0,0,9/27/2016,10/3/2016,1
20160920,48225,Houston County,TX,100,0,0,0,0,0,9/20/2016,9/26/2016,1
20160913,48225,Houston County,TX,100,0,0,0,0,0,9/13/2016,9/19/2016,1
20160906,48225,Houston County,TX,100,0,0,0,0,0,9/6/2016,9/12/2016,1
20160830,48225,Houston County,TX,100,0,0,0,0,0,8/30/2016,9/5/2016,1
20160823,48225,Houston County,TX,100,0,0,0,0,0,8/23/2016,8/29/2016,1
20160816,48225,Houston County,TX,68.25,31.75,0,0,0,0,8/16/2016,8/22/2016,1
20160809,48225,Houston County,TX,66.93,33.07,0,0,0,0,8/9/2016,8/15/2016,1
20160802,48225,Houston County,TX,100,0,0,0,0,0,8/2/2016,8/8/2016,1
20160726,48225,Houston County,TX,100,0,0,0,0,0,7/26/2016,8/1/2016,1
20160719,48225,Houston County,TX,100,0,0,0,0,0,7/19/2016,7/25/2016,1
20160712,48225,Houston County,TX,100,0,0,0,0,0,7/12/2016,7/18/2016,1
20160705,48225,Houston County,TX,100,0,0,0,0,0,7/5/2016,7/11/2016,1
20160628,48225,Houston County,TX,100,0,0,0,0,0,6/28/2016,7/4/2016,1
20160621,48225,Houston County,TX,100,0,0,0,0,0,6/21/2016,6/27/2016,1
20160614,48225,Houston County,TX,100,0,0,0,0,0,6/14/2016,6/20/2016,1
20160607,48225,Houston County,TX,100,0,0,0,0,0,6/7/2016,6/13/2016,1
20160531,48225,Houston County,TX,100,0,0,0,0,0,5/31/2016,6/6/2016,1
20160524,48225,Houston County,TX,100,0,0,0,0,0,5/24/2016,5/30/2016,1
20160517,48225,Houston County,TX,100,0,0,0,0,0,5/17/2016,5/23/2016,1
20160510,48225,Houston County,TX,100,0,0,0,0,0,5/10/2016,5/16/2016,1
20160503,48225,Houston County,TX,100,0,0,0,0,0,5/3/2016,5/9/2016,1
20160426,48225,Houston County,TX,100,0,0,0,0,0,4/26/2016,5/2/2016,1
20160419,48225,Houston County,TX,100,0,0,0,0,0,4/19/2016,4/25/2016,1
20160412,48225,Houston County,TX,100,0,0,0,0,0,4/12/2016,4/18/2016,1
20160405,48225,Houston County,TX,100,0,0,0,0,0,4/5/2016,4/11/2016,1
20160329,48225,Houston County,TX,100,0,0,0,0,0,3/29/2016,4/4/2016,1
20160322,48225,Houston County,TX,100,0,0,0,0,0,3/22/2016,3/28/2016,1
20160315,48225,Houston County,TX,100,0,0,0,0,0,3/15/2016,3/21/2016,1
20160308,48225,Houston County,TX,49.33,50.67,0,0,0,0,3/8/2016,3/14/2016,1
20160301,48225,Houston County,TX,88.16,11.84,0,0,0,0,3/1/2016,3/7/2016,1
20160223,48225,Houston County,TX,88.16,11.84,0,0,0,0,2/23/2016,2/29/2016,1
20160216,48225,Houston County,TX,0,100,0,0,0,0,2/16/2016,2/22/2016,1
20160209,48225,Houston County,TX,100,0,0,0,0,0,2/9/2016,2/15/2016,1
20160202,48225,Houston County,TX,100,0,0,0,0,0,2/2/2016,2/8/2016,1
20160126,48225,Houston County,TX,100,0,0,0,0,0,1/26/2016,2/1/2016,1
20160119,48225,Houston County,TX,100,0,0,0,0,0,1/19/2016,1/25/2016,1
20160112,48225,Houston County,TX,100,0,0,0,0,0,1/12/2016,1/18/2016,1
20160105,48225,Houston County,TX,100,0,0,0,0,0,1/5/2016,1/11/2016,1
20151229,48225,Houston County,TX,100,0,0,0,0,0,12/29/2015,1/4/2016,1
20151222,48225,Houston County,TX,100,0,0,0,0,0,12/22/2015,12/28/2015,1
20151215,48225,Houston County,TX,100,0,0,0,0,0,12/15/2015,12/21/2015,1
20151208,48225,Houston County,TX,100,0,0,0,0,0,12/8/2015,12/14/2015,1
20151201,48225,Houston County,TX,100,0,0,0,0,0,12/1/2015,12/7/2015,1
20151124,48225,Houston County,TX,100,0,0,0,0,0,11/24/2015,11/30/2015,1
20151117,48225,Houston County,TX,23.57,76.43,0,0,0,0,11/17/2015,11/23/2015,1
20151110,48225,Houston County,TX,23.57,76.43,0,0,0,0,11/10/2015,11/16/2015,1
20151103,48225,Houston County,TX,0,100,100,0,0,0,11/3/2015,11/9/2015,1
20151027,48225,Houston County,TX,0,100,100,74.77,0,0,10/27/2015,11/2/2015,1
20151020,48225,Houston County,TX,0,100,100,100,100,37.56,10/20/2015,10/26/2015,1
20151013,48225,Houston County,TX,0,100,100,100,82.32,0,10/13/2015,10/19/2015,1
20151006,48225,Houston County,TX,0,100,100,100,82.32,0,10/6/2015,10/12/2015,1
20150929,48225,Houston County,TX,0,100,100,100,58.99,0,9/29/2015,10/5/2015,1
20150922,48225,Houston County,TX,0,100,100,100,70.11,0,9/22/2015,9/28/2015,1
20150915,48225,Houston County,TX,0,100,100,100,70.11,0,9/15/2015,9/21/2015,1
20150908,48225,Houston County,TX,0,100,100,100,20.91,0,9/8/2015,9/14/2015,1
20150901,48225,Houston County,TX,0,100,100,99.87,14.08,0,9/1/2015,9/7/2015,1
20150825,48225,Houston County,TX,0,100,99.97,30.33,0,0,8/25/2015,8/31/2015,1
20150818,48225,Houston County,TX,0,100,100,66.53,0,0,8/18/2015,8/24/2015,1
20150811,48225,Houston County,TX,0,100,100,71.04,0,0,8/11/2015,8/17/2015,1
20150804,48225,Houston County,TX,0,100,71.64,0,0,0,8/4/2015,8/10/2015,1
20150728,48225,Houston County,TX,0,100,0,0,0,0,7/28/2015,8/3/2015,1
20150721,48225,Houston County,TX,86.1,13.9,0,0,0,0,7/21/2015,7/27/2015,1
20150714,48225,Houston County,TX,100,0,0,0,0,0,7/14/2015,7/20/2015,1
20150707,48225,Houston County,TX,100,0,0,0,0,0,7/7/2015,7/13/2015,1
20150630,48225,Houston County,TX,100,0,0,0,0,0,6/30/2015,7/6/2015,1
20150623,48225,Houston County,TX,100,0,0,0,0,0,6/23/2015,6/29/2015,1
20150616,48225,Houston County,TX,100,0,0,0,0,0,6/16/2015,6/22/2015,1
20150609,48225,Houston County,TX,100,0,0,0,0,0,6/9/2015,6/15/2015,1
20150602,48225,Houston County,TX,100,0,0,0,0,0,6/2/2015,6/8/2015,1
20150526,48225,Houston County,TX,100,0,0,0,0,0,5/26/2015,6/1/2015,1
20150519,48225,Houston County,TX,100,0,0,0,0,0,5/19/2015,5/25/2015,1
20150512,48225,Houston County,TX,100,0,0,0,0,0,5/12/2015,5/18/2015,1
20150505,48225,Houston County,TX,100,0,0,0,0,0,5/5/2015,5/11/2015,1
20150428,48225,Houston County,TX,100,0,0,0,0,0,4/28/2015,5/4/2015,1
20150421,48225,Houston County,TX,100,0,0,0,0,0,4/21/2015,4/27/2015,1
20150414,48225,Houston County,TX,100,0,0,0,0,0,4/14/2015,4/20/2015,1
20150407,48225,Houston County,TX,100,0,0,0,0,0,4/7/2015,4/13/2015,1
20150331,48225,Houston County,TX,100,0,0,0,0,0,3/31/2015,4/6/2015,1
20150324,48225,Houston County,TX,100,0,0,0,0,0,3/24/2015,3/30/2015,1
20150317,48225,Houston County,TX,100,0,0,0,0,0,3/17/2015,3/23/2015,1
20150310,48225,Houston County,TX,100,0,0,0,0,0,3/10/2015,3/16/2015,1
20150303,48225,Houston County,TX,100,0,0,0,0,0,3/3/2015,3/9/2015,1
20150224,48225,Houston County,TX,100,0,0,0,0,0,2/24/2015,3/2/2015,1
20150217,48225,Houston County,TX,100,0,0,0,0,0,2/17/2015,2/23/2015,1
20150210,48225,Houston County,TX,100,0,0,0,0,0,2/10/2015,2/16/2015,1
20150203,48225,Houston County,TX,100,0,0,0,0,0,2/3/2015,2/9/2015,1
20150127,48225,Houston County,TX,100,0,0,0,0,0,1/27/2015,2/2/2015,1
20150120,48225,Houston County,TX,100,0,0,0,0,0,1/20/2015,1/26/2015,1
20150113,48225,Houston County,TX,100,0,0,0,0,0,1/13/2015,1/19/2015,1
20150106,48225,Houston County,TX,100,0,0,0,0,0,1/6/2015,1/12/2015,1
20141230,48225,Houston County,TX,100,0,0,0,0,0,12/30/2014,1/5/2015,1
20141223,48225,Houston County,TX,100,0,0,0,0,0,12/23/2014,12/29/2014,1
20141216,48225,Houston County,TX,100,0,0,0,0,0,12/16/2014,12/22/2014,1
20141209,48225,Houston County,TX,100,0,0,0,0,0,12/9/2014,12/15/2014,1
20141202,48225,Houston County,TX,100,0,0,0,0,0,12/2/2014,12/8/2014,1
20141125,48225,Houston County,TX,100,0,0,0,0,0,11/25/2014,12/1/2014,1
20141118,48225,Houston County,TX,100,0,0,0,0,0,11/18/2014,11/24/2014,1
20141111,48225,Houston County,TX,100,0,0,0,0,0,11/11/2014,11/17/2014,1
20141104,48225,Houston County,TX,98.64,1.36,0,0,0,0,11/4/2014,11/10/2014,1
20141028,48225,Houston County,TX,98.67,1.33,0,0,0,0,10/28/2014,11/3/2014,1
20141021,48225,Houston County,TX,100,0,0,0,0,0,10/21/2014,10/27/2014,1
20141014,48225,Houston County,TX,100,0,0,0,0,0,10/14/2014,10/20/2014,1
20141007,48225,Houston County,TX,99.99,0.01,0,0,0,0,10/7/2014,10/13/2014,1
20140930,48225,Houston County,TX,72.26,27.74,0,0,0,0,9/30/2014,10/6/2014,1
20140923,48225,Houston County,TX,72.26,27.74,0,0,0,0,9/23/2014,9/29/2014,1
20140916,48225,Houston County,TX,72.26,27.74,0,0,0,0,9/16/2014,9/22/2014,1
20140909,48225,Houston County,TX,72.26,27.74,0,0,0,0,9/9/2014,9/15/2014,1
20140902,48225,Houston County,TX,72.26,27.74,0,0,0,0,9/2/2014,9/8/2014,1
20140826,48225,Houston County,TX,100,0,0,0,0,0,8/26/2014,9/1/2014,1
20140819,48225,Houston County,TX,100,0,0,0,0,0,8/19/2014,8/25/2014,1
20140812,48225,Houston County,TX,100,0,0,0,0,0,8/12/2014,8/18/2014,1
20140805,48225,Houston County,TX,100,0,0,0,0,0,8/5/2014,8/11/2014,1
20140729,48225,Houston County,TX,100,0,0,0,0,0,7/29/2014,8/4/2014,1
20140722,48225,Houston County,TX,100,0,0,0,0,0,7/22/2014,7/28/2014,1
20140715,48225,Houston County,TX,41.24,58.76,0,0,0,0,7/15/2014,7/21/2014,1
20140708,48225,Houston County,TX,41.24,58.76,0,0,0,0,7/8/2014,7/14/2014,1
20140701,48225,Houston County,TX,14.48,85.52,0,0,0,0,7/1/2014,7/7/2014,1
20140624,48225,Houston County,TX,14.65,85.35,0,0,0,0,6/24/2014,6/30/2014,1
20140617,48225,Houston County,TX,14.65,85.35,0,0,0,0,6/17/2014,6/23/2014,1
20140610,48225,Houston County,TX,14.65,85.35,0,0,0,0,6/10/2014,6/16/2014,1
20140603,48225,Houston County,TX,2.49,97.51,0,0,0,0,6/3/2014,6/9/2014,1
20140527,48225,Houston County,TX,0,100,0,0,0,0,5/27/2014,6/2/2014,1
20140520,48225,Houston County,TX,0,100,0,0,0,0,5/20/2014,5/26/2014,1
20140513,48225,Houston County,TX,0,100,0,0,0,0,5/13/2014,5/19/2014,1
20140506,48225,Houston County,TX,0,100,100,0,0,0,5/6/2014,5/12/2014,1
20140429,48225,Houston County,TX,0,100,100,0,0,0,4/29/2014,5/5/2014,1
20140422,48225,Houston County,TX,0,100,89.75,0,0,0,4/22/2014,4/28/2014,1
20140415,48225,Houston County,TX,0,100,27.36,0,0,0,4/15/2014,4/21/2014,1
20140408,48225,Houston County,TX,0,100,27.76,0,0,0,4/8/2014,4/14/2014,1
20140401,48225,Houston County,TX,0,100,99.99,0,0,0,4/1/2014,4/7/2014,1
20140325,48225,Houston County,TX,0,100,100,0,0,0,3/25/2014,3/31/2014,1
20140318,48225,Houston County,TX,0,100,100,0,0,0,3/18/2014,3/24/2014,1
20140311,48225,Houston County,TX,0,100,100,0,0,0,3/11/2014,3/17/2014,1
20140304,48225,Houston County,TX,0,100,100,0,0,0,3/4/2014,3/10/2014,1
20140225,48225,Houston County,TX,0,100,99.74,0,0,0,2/25/2014,3/3/2014,1
20140218,48225,Houston County,TX,0,100,0,0,0,0,2/18/2014,2/24/2014,1
20140211,48225,Houston County,TX,0,100,0,0,0,0,2/11/2014,2/17/2014,1
20140204,48225,Houston County,TX,36,64,0,0,0,0,2/4/2014,2/10/2014,1
20140128,48225,Houston County,TX,99.09,0.91,0,0,0,0,1/28/2014,2/3/2014,1
20140121,48225,Houston County,TX,98.55,1.45,0,0,0,0,1/21/2014,1/27/2014,1
20140114,48225,Houston County,TX,100,0,0,0,0,0,1/14/2014,1/20/2014,1
20140107,48225,Houston County,TX,100,0,0,0,0,0,1/7/2014,1/13/2014,1
20131231,48225,Houston County,TX,100,0,0,0,0,0,12/31/2013,1/6/2014,1
20131224,48225,Houston County,TX,100,0,0,0,0,0,12/24/2013,12/30/2013,1
20131217,48225,Houston County,TX,100,0,0,0,0,0,12/17/2013,12/23/2013,1
20131210,48225,Houston County,TX,100,0,0,0,0,0,12/10/2013,12/16/2013,1
20131203,48225,Houston County,TX,99.95,0.05,0,0,0,0,12/3/2013,12/9/2013,1
20131126,48225,Houston County,TX,99.95,0.05,0,0,0,0,11/26/2013,12/2/2013,1
20131119,48225,Houston County,TX,97.14,2.86,0,0,0,0,11/19/2013,11/25/2013,1
20131112,48225,Houston County,TX,97.14,2.86,0,0,0,0,11/12/2013,11/18/2013,1
20131105,48225,Houston County,TX,97.31,2.69,0,0,0,0,11/5/2013,11/11/2013,1
20131029,48225,Houston County,TX,5.4,94.6,0.6,0,0,0,10/29/2013,11/4/2013,1
20131022,48225,Houston County,TX,5.4,94.6,0.6,0,0,0,10/22/2013,10/28/2013,1
20131015,48225,Houston County,TX,0,100,58.93,0,0,0,10/15/2013,10/21/2013,1
20131008,48225,Houston County,TX,0,100,58.17,0,0,0,10/8/2013,10/14/2013,1
20131001,48225,Houston County,TX,0,100,58.17,0,0,0,10/1/2013,10/7/2013,1
20130924,48225,Houston County,TX,0,100,100,85.93,0,0,9/24/2013,9/30/2013,1
20130917,48225,Houston County,TX,0,100,100,98.64,71.11,0,9/17/2013,9/23/2013,1
20130910,48225,Houston County,TX,0,100,100,98.64,46.45,0,9/10/2013,9/16/2013,1
20130903,48225,Houston County,TX,0,100,100,98.64,46.45,0,9/3/2013,9/9/2013,1
20130827,48225,Houston County,TX,0,100,100,78.88,25.12,0,8/27/2013,9/2/2013,1
20130820,48225,Houston County,TX,0,100,100,80.21,25.61,0,8/20/2013,8/26/2013,1
20130813,48225,Houston County,TX,0,100,100,77.95,25.61,0,8/13/2013,8/19/2013,1
20130806,48225,Houston County,TX,0,100,100,77.95,25.61,0,8/6/2013,8/12/2013,1
20130730,48225,Houston County,TX,0,100,100,77.95,25.61,0,7/30/2013,8/5/2013,1
20130723,48225,Houston County,TX,0,100,100,77.4,25.61,0,7/23/2013,7/29/2013,1
20130716,48225,Houston County,TX,0,100,100,77.48,14.59,0,7/16/2013,7/22/2013,1
20130709,48225,Houston County,TX,0,100,100,77.57,14.59,0,7/9/2013,7/15/2013,1
20130702,48225,Houston County,TX,0,100,99.87,54.5,14.59,0,7/2/2013,7/8/2013,1
20130625,48225,Houston County,TX,0,100,98.94,43.22,14.59,0,6/25/2013,7/1/2013,1
20130618,48225,Houston County,TX,0,100,98.94,39.89,14.59,0,6/18/2013,6/24/2013,1
20130611,48225,Houston County,TX,0,100,65.77,22.92,0,0,6/11/2013,6/17/2013,1
20130604,48225,Houston County,TX,0,100,80.12,19.68,0,0,6/4/2013,6/10/2013,1
20130528,48225,Houston County,TX,0,100,99.96,37.73,0,0,5/28/2013,6/3/2013,1
20130521,48225,Houston County,TX,0,100,100,58.58,0,0,5/21/2013,5/27/2013,1
20130514,48225,Houston County,TX,0,100,100,67.05,16.2,0,5/14/2013,5/20/2013,1
20130507,48225,Houston County,TX,0,100,100,96.6,28.5,0,5/7/2013,5/13/2013,1
20130430,48225,Houston County,TX,0,100,100,96.63,0,0,4/30/2013,5/6/2013,1
20130423,48225,Houston County,TX,0,100,100,85.09,0,0,4/23/2013,4/29/2013,1
20130416,48225,Houston County,TX,0,100,100,44.79,0,0,4/16/2013,4/22/2013,1
20130409,48225,Houston County,TX,0,100,44.29,0,0,0,4/9/2013,4/15/2013,1
20130402,48225,Houston County,TX,0,100,44.29,10.25,0,0,4/2/2013,4/8/2013,1
20130326,48225,Houston County,TX,0,100,44.29,0,0,0,3/26/2013,4/1/2013,1
20130319,48225,Houston County,TX,0.71,99.29,43,0,0,0,3/19/2013,3/25/2013,1
20130312,48225,Houston County,TX,62.22,37.78,0,0,0,0,3/12/2013,3/18/2013,1
20130305,48225,Houston County,TX,85.4,14.6,2.92,0,0,0,3/5/2013,3/11/2013,1
20130226,48225,Houston County,TX,86.52,13.48,3.75,0,0,0,2/26/2013,3/4/2013,1
20130219,48225,Houston County,TX,86.52,13.48,3.64,0,0,0,2/19/2013,2/25/2013,1
20130212,48225,Houston County,TX,57.14,42.86,5.18,0,0,0,2/12/2013,2/18/2013,1
20130205,48225,Houston County,TX,57.17,42.83,5.18,0,0,0,2/5/2013,2/11/2013,1
20130129,48225,Houston County,TX,57.17,42.83,0,0,0,0,1/29/2013,2/4/2013,1
20130122,48225,Houston County,TX,57.17,42.83,0,0,0,0,1/22/2013,1/28/2013,1
20130115,48225,Houston County,TX,57.17,42.83,0,0,0,0,1/15/2013,1/21/2013,1
20130108,48225,Houston County,TX,0,100,38.54,0.7,0,0,1/8/2013,1/14/2013,1
20130101,48225,Houston County,TX,0,100,36.57,0.7,0,0,1/1/2013,1/7/2013,1
20121225,48225,Houston County,TX,0,100,36.57,0.7,0,0,12/25/2012,12/31/2012,1
20121218,48225,Houston County,TX,0,100,36.57,0.7,0,0,12/18/2012,12/24/2012,1
20121211,48225,Houston County,TX,0,100,36.57,0,0,0,12/11/2012,12/17/2012,1
20121204,48225,Houston County,TX,8.63,91.37,23.82,0,0,0,12/4/2012,12/10/2012,1
20121127,48225,Houston County,TX,8.63,91.37,24.69,0,0,0,11/27/2012,12/3/2012,1
20121120,48225,Houston County,TX,37.89,62.11,0.07,0,0,0,11/20/2012,11/26/2012,1
20121113,48225,Houston County,TX,42.41,57.59,0,0,0,0,11/13/2012,11/19/2012,1
20121106,48225,Houston County,TX,84.63,15.37,0,0,0,0,11/6/2012,11/12/2012,1
20121030,48225,Houston County,TX,84.63,15.37,0,0,0,0,10/30/2012,11/5/2012,1
20121023,48225,Houston County,TX,55.6,44.4,0,0,0,0,10/23/2012,10/29/2012,1
20121016,48225,Houston County,TX,58.83,41.17,0,0,0,0,10/16/2012,10/22/2012,1
20121009,48225,Houston County,TX,53.32,46.68,0,0,0,0,10/9/2012,10/15/2012,1
20121002,48225,Houston County,TX,51.65,48.35,0,0,0,0,10/2/2012,10/8/2012,1
20120925,48225,Houston County,TX,40.17,59.83,5.79,0,0,0,9/25/2012,10/1/2012,1
20120918,48225,Houston County,TX,64.39,35.61,0,0,0,0,9/18/2012,9/24/2012,1
20120911,48225,Houston County,TX,0,100,0.04,0,0,0,9/11/2012,9/17/2012,1
20120904,48225,Houston County,TX,5.82,94.18,0,0,0,0,9/4/2012,9/10/2012,1
20120828,48225,Houston County,TX,5.64,94.36,0,0,0,0,8/28/2012,9/3/2012,1
20120821,48225,Houston County,TX,82.86,17.14,0,0,0,0,8/21/2012,8/27/2012,1
20120814,48225,Houston County,TX,82.86,17.14,0,0,0,0,8/14/2012,8/20/2012,1
20120807,48225,Houston County,TX,78.34,21.66,0,0,0,0,8/7/2012,8/13/2012,1
20120731,48225,Houston County,TX,78.34,21.66,0,0,0,0,7/31/2012,8/6/2012,1
20120724,48225,Houston County,TX,100,0,0,0,0,0,7/24/2012,7/30/2012,1
20120717,48225,Houston County,TX,100,0,0,0,0,0,7/17/2012,7/23/2012,1
20120710,48225,Houston County,TX,0,100,0,0,0,0,7/10/2012,7/16/2012,1
20120703,48225,Houston County,TX,0,100,0,0,0,0,7/3/2012,7/9/2012,1
20120626,48225,Houston County,TX,0,100,0,0,0,0,6/26/2012,7/2/2012,1
20120619,48225,Houston County,TX,0,100,0,0,0,0,6/19/2012,6/25/2012,1
20120612,48225,Houston County,TX,0,100,57.09,0,0,0,6/12/2012,6/18/2012,1
20120605,48225,Houston County,TX,0,100,57.09,0,0,0,6/5/2012,6/11/2012,1
20120529,48225,Houston County,TX,0,100,0,0,0,0,5/29/2012,6/4/2012,1
20120522,48225,Houston County,TX,0,100,0,0,0,0,5/22/2012,5/28/2012,1
20120515,48225,Houston County,TX,0,100,0,0,0,0,5/15/2012,5/21/2012,1
20120508,48225,Houston County,TX,0,100,0,0,0,0,5/8/2012,5/14/2012,1
20120501,48225,Houston County,TX,0,100,0,0,0,0,5/1/2012,5/7/2012,1
20120424,48225,Houston County,TX,0,100,0,0,0,0,4/24/2012,4/30/2012,1
20120417,48225,Houston County,TX,0,100,0,0,0,0,4/17/2012,4/23/2012,1
20120410,48225,Houston County,TX,0,100,0,0,0,0,4/10/2012,4/16/2012,1
20120403,48225,Houston County,TX,0,100,0,0,0,0,4/3/2012,4/9/2012,1
20120327,48225,Houston County,TX,0,100,0,0,0,0,3/27/2012,4/2/2012,1
20120320,48225,Houston County,TX,0,100,100,0,0,0,3/20/2012,3/26/2012,1
20120313,48225,Houston County,TX,0,100,100,88.27,0,0,3/13/2012,3/19/2012,1
20120306,48225,Houston County,TX,0,100,100,100,0,0,3/6/2012,3/12/2012,1
20120228,48225,Houston County,TX,0,100,100,100,0,0,2/28/2012,3/5/2012,1
20120221,48225,Houston County,TX,0,100,100,100,0,0,2/21/2012,2/27/2012,1
20120214,48225,Houston County,TX,0,100,100,100,98.61,71.13,2/14/2012,2/20/2012,1
20120207,48225,Houston County,TX,0,100,100,100,98.61,71.13,2/7/2012,2/13/2012,1
20120131,48225,Houston County,TX,0,100,100,100,100,72.25,1/31/2012,2/6/2012,1
20120124,48225,Houston County,TX,0,100,100,100,100,72.26,1/24/2012,1/30/2012,1
20120117,48225,Houston County,TX,0,100,100,100,100,72.26,1/17/2012,1/23/2012,1
20120110,48225,Houston County,TX,0,100,100,100,100,72.26,1/10/2012,1/16/2012,1
20120103,48225,Houston County,TX,0,100,100,100,100,72.26,1/3/2012,1/9/2012,1
20111227,48225,Houston County,TX,0,100,100,100,100,72.26,12/27/2011,1/2/2012,1
20111220,48225,Houston County,TX,0,100,100,100,100,72.26,12/20/2011,12/26/2011,1
20111213,48225,Houston County,TX,0,100,100,100,100,90.32,12/13/2011,12/19/2011,1
20111206,48225,Houston County,TX,0,100,100,100,100,90.32,12/6/2011,12/12/2011,1
20111129,48225,Houston County,TX,0,100,100,100,100,99.8,11/29/2011,12/5/2011,1
20111122,48225,Houston County,TX,0,100,100,100,100,100,11/22/2011,11/28/2011,1
20111115,48225,Houston County,TX,0,100,100,100,100,100,11/15/2011,11/21/2011,1
20111108,48225,Houston County,TX,0,100,100,100,100,100,11/8/2011,11/14/2011,1
20111101,48225,Houston County,TX,0,100,100,100,100,100,11/1/2011,11/7/2011,1
20111025,48225,Houston County,TX,0,100,100,100,100,100,10/25/2011,10/31/2011,1
20111018,48225,Houston County,TX,0,100,100,100,100,100,10/18/2011,10/24/2011,1
20111011,48225,Houston County,TX,0,100,100,100,100,100,10/11/2011,10/17/2011,1
20111004,48225,Houston County,TX,0,100,100,100,100,100,10/4/2011,10/10/2011,1
20110927,48225,Houston County,TX,0,100,100,100,100,100,9/27/2011,10/3/2011,1
20110920,48225,Houston County,TX,0,100,100,100,100,100,9/20/2011,9/26/2011,1
20110913,48225,Houston County,TX,0,100,100,100,100,100,9/13/2011,9/19/2011,1
20110906,48225,Houston County,TX,0,100,100,100,100,100,9/6/2011,9/12/2011,1
20110830,48225,Houston County,TX,0,100,100,100,100,100,8/30/2011,9/5/2011,1
20110823,48225,Houston County,TX,0,100,100,100,100,100,8/23/2011,8/29/2011,1
20110816,48225,Houston County,TX,0,100,100,100,100,98.85,8/16/2011,8/22/2011,1
20110809,48225,Houston County,TX,0,100,100,100,100,98.85,8/9/2011,8/15/2011,1
20110802,48225,Houston County,TX,0,100,100,100,100,47.76,8/2/2011,8/8/2011,1
20110726,48225,Houston County,TX,0,100,100,100,100,47.76,7/26/2011,8/1/2011,1
20110719,48225,Houston County,TX,0,100,100,100,100,47.76,7/19/2011,7/25/2011,1
20110712,48225,Houston County,TX,0,100,100,100,100,47.76,7/12/2011,7/18/2011,1
20110705,48225,Houston County,TX,0,100,100,100,100,29.51,7/5/2011,7/11/2011,1
20110628,48225,Houston County,TX,0,100,100,100,100,29.51,6/28/2011,7/4/2011,1
20110621,48225,Houston County,TX,0,100,100,100,100,29.51,6/21/2011,6/27/2011,1
20110614,48225,Houston County,TX,0,100,100,100,100,29.51,6/14/2011,6/20/2011,1
20110607,48225,Houston County,TX,0,100,100,100,100,29.51,6/7/2011,6/13/2011,1
20110531,48225,Houston County,TX,0,100,100,100,70.11,4.38,5/31/2011,6/6/2011,1
20110524,48225,Houston County,TX,0,100,100,100,70.11,0,5/24/2011,5/30/2011,1
20110517,48225,Houston County,TX,0,100,100,100,100,10.58,5/17/2011,5/23/2011,1
20110510,48225,Houston County,TX,0,100,100,100,100,26.6,5/10/2011,5/16/2011,1
20110503,48225,Houston County,TX,0,100,100,100,100,16.32,5/3/2011,5/9/2011,1
20110426,48225,Houston County,TX,0,100,100,100,100,16.32,4/26/2011,5/2/2011,1
20110419,48225,Houston County,TX,0,100,100,100,100,16.32,4/19/2011,4/25/2011,1
20110412,48225,Houston County,TX,0,100,100,100,100,16.32,4/12/2011,4/18/2011,1
20110405,48225,Houston County,TX,0,100,100,100,100,17.41,4/5/2011,4/11/2011,1
20110329,48225,Houston County,TX,0,100,100,100,100,0,3/29/2011,4/4/2011,1
20110322,48225,Houston County,TX,0,100,100,100,100,0,3/22/2011,3/28/2011,1
20110315,48225,Houston County,TX,0,100,100,100,100,0,3/15/2011,3/21/2011,1
20110308,48225,Houston County,TX,0,100,100,100,100,0,3/8/2011,3/14/2011,1
20110301,48225,Houston County,TX,0,100,100,100,100,0,3/1/2011,3/7/2011,1
20110222,48225,Houston County,TX,0,100,100,100,100,0,2/22/2011,2/28/2011,1
20110215,48225,Houston County,TX,0,100,100,100,93.9,0,2/15/2011,2/21/2011,1
20110208,48225,Houston County,TX,0,100,100,100,93.9,0,2/8/2011,2/14/2011,1
20110201,48225,Houston County,TX,0,100,100,100,93.9,0,2/1/2011,2/7/2011,1
20110125,48225,Houston County,TX,0,100,100,100,93.9,0,1/25/2011,1/31/2011,1
20110118,48225,Houston County,TX,0,100,100,100,93.9,0,1/18/2011,1/24/2011,1
20110111,48225,Houston County,TX,0,100,100,100,100,0,1/11/2011,1/17/2011,1
20110104,48225,Houston County,TX,0,100,100,100,100,0,1/4/2011,1/10/2011,1
20101228,48225,Houston County,TX,0,100,100,100,100,0,12/28/2010,1/3/2011,1
20101221,48225,Houston County,TX,0,100,100,100,100,0,12/21/2010,12/27/2010,1
20101214,48225,Houston County,TX,0,100,100,100,56.34,0,12/14/2010,12/20/2010,1
20101207,48225,Houston County,TX,0,100,100,100,40.54,0,12/7/2010,12/13/2010,1
20101130,48225,Houston County,TX,0,100,100,63.58,0,0,11/30/2010,12/6/2010,1
20101123,48225,Houston County,TX,0,100,100,0,0,0,11/23/2010,11/29/2010,1
20101116,48225,Houston County,TX,0,100,100,0,0,0,11/16/2010,11/22/2010,1
20101109,48225,Houston County,TX,0,100,99.36,0,0,0,11/9/2010,11/15/2010,1
20101102,48225,Houston County,TX,0,100,98.4,0,0,0,11/2/2010,11/8/2010,1
20101026,48225,Houston County,TX,0,100,98.87,0,0,0,10/26/2010,11/1/2010,1
20101019,48225,Houston County,TX,0,100,0,0,0,0,10/19/2010,10/25/2010,1
20101012,48225,Houston County,TX,0,100,0,0,0,0,10/12/2010,10/18/2010,1
20101005,48225,Houston County,TX,80.79,19.21,0,0,0,0,10/5/2010,10/11/2010,1
20100928,48225,Houston County,TX,80.14,19.86,0,0,0,0,9/28/2010,10/4/2010,1
20100921,48225,Houston County,TX,84.21,15.79,0,0,0,0,9/21/2010,9/27/2010,1
20100914,48225,Houston County,TX,84.21,15.79,0,0,0,0,9/14/2010,9/20/2010,1
20100907,48225,Houston County,TX,0,100,0,0,0,0,9/7/2010,9/13/2010,1
20100831,48225,Houston County,TX,0,100,0,0,0,0,8/31/2010,9/6/2010,1
20100824,48225,Houston County,TX,98.51,1.49,0,0,0,0,8/24/2010,8/30/2010,1
20100817,48225,Houston County,TX,98.51,1.49,0,0,0,0,8/17/2010,8/23/2010,1
20100810,48225,Houston County,TX,98.79,1.21,0,0,0,0,8/10/2010,8/16/2010,1
20100803,48225,Houston County,TX,99.14,0.86,0,0,0,0,8/3/2010,8/9/2010,1
20100727,48225,Houston County,TX,99.11,0.89,0,0,0,0,7/27/2010,8/2/2010,1
20100720,48225,Houston County,TX,99.11,0.89,0,0,0,0,7/20/2010,7/26/2010,1
20100713,48225,Houston County,TX,99.11,0.89,0,0,0,0,7/13/2010,7/19/2010,1
20100706,48225,Houston County,TX,99.11,0.89,0,0,0,0,7/6/2010,7/12/2010,1
20100629,48225,Houston County,TX,91.74,8.26,0.15,0,0,0,6/29/2010,7/5/2010,1
20100622,48225,Houston County,TX,63.53,36.47,0.15,0,0,0,6/22/2010,6/28/2010,1
20100615,48225,Houston County,TX,95.53,4.47,0,0,0,0,6/15/2010,6/21/2010,1
20100608,48225,Houston County,TX,0,100,0,0,0,0,6/8/2010,6/14/2010,1
20100601,48225,Houston County,TX,0,100,100,0,0,0,6/1/2010,6/7/2010,1
20100525,48225,Houston County,TX,0,100,0,0,0,0,5/25/2010,5/31/2010,1
20100518,48225,Houston County,TX,24.61,75.39,0,0,0,0,5/18/2010,5/24/2010,1
20100511,48225,Houston County,TX,0,100,0,0,0,0,5/11/2010,5/17/2010,1
20100504,48225,Houston County,TX,64.85,35.15,0,0,0,0,5/4/2010,5/10/2010,1
20100427,48225,Houston County,TX,100,0,0,0,0,0,4/27/2010,5/3/2010,1
20100420,48225,Houston County,TX,100,0,0,0,0,0,4/20/2010,4/26/2010,1
20100413,48225,Houston County,TX,100,0,0,0,0,0,4/13/2010,4/19/2010,1
20100406,48225,Houston County,TX,100,0,0,0,0,0,4/6/2010,4/12/2010,1
20100330,48225,Houston County,TX,100,0,0,0,0,0,3/30/2010,4/5/2010,1
20100323,48225,Houston County,TX,100,0,0,0,0,0,3/23/2010,3/29/2010,1
20100316,48225,Houston County,TX,100,0,0,0,0,0,3/16/2010,3/22/2010,1
20100309,48225,Houston County,TX,100,0,0,0,0,0,3/9/2010,3/15/2010,1
20100302,48225,Houston County,TX,100,0,0,0,0,0,3/2/2010,3/8/2010,1
20100223,48225,Houston County,TX,100,0,0,0,0,0,2/23/2010,3/1/2010,1
20100216,48225,Houston County,TX,100,0,0,0,0,0,2/16/2010,2/22/2010,1
20100209,48225,Houston County,TX,100,0,0,0,0,0,2/9/2010,2/15/2010,1
20100202,48225,Houston County,TX,100,0,0,0,0,0,2/2/2010,2/8/2010,1
20100126,48225,Houston County,TX,100,0,0,0,0,0,1/26/2010,2/1/2010,1
20100119,48225,Houston County,TX,100,0,0,0,0,0,1/19/2010,1/25/2010,1
20100112,48225,Houston County,TX,100,0,0,0,0,0,1/12/2010,1/18/2010,1
20100105,48225,Houston County,TX,100,0,0,0,0,0,1/5/2010,1/11/2010,1
20091229,48225,Houston County,TX,100,0,0,0,0,0,12/29/2009,1/4/2010,1
20091222,48225,Houston County,TX,100,0,0,0,0,0,12/22/2009,12/28/2009,1
20091215,48225,Houston County,TX,100,0,0,0,0,0,12/15/2009,12/21/2009,1
20091208,48225,Houston County,TX,100,0,0,0,0,0,12/8/2009,12/14/2009,1
20091201,48225,Houston County,TX,87.39,12.61,0,0,0,0,12/1/2009,12/7/2009,1
20091124,48225,Houston County,TX,87.39,12.61,0,0,0,0,11/24/2009,11/30/2009,1
20091117,48225,Houston County,TX,87.39,12.61,0,0,0,0,11/17/2009,11/23/2009,1
20091110,48225,Houston County,TX,87.39,12.61,0,0,0,0,11/10/2009,11/16/2009,1
20091103,48225,Houston County,TX,87.39,12.61,0,0,0,0,11/3/2009,11/9/2009,1
20091027,48225,Houston County,TX,87.39,12.61,0,0,0,0,10/27/2009,11/2/2009,1
20091020,48225,Houston County,TX,37.32,62.68,12.61,0,0,0,10/20/2009,10/26/2009,1
20091013,48225,Houston County,TX,24.73,75.27,12.61,0,0,0,10/13/2009,10/19/2009,1
20091006,48225,Houston County,TX,23.66,76.34,21.73,0,0,0,10/6/2009,10/12/2009,1
20090929,48225,Houston County,TX,9.05,90.95,66.29,31.79,0,0,9/29/2009,10/5/2009,1
20090922,48225,Houston County,TX,9.05,90.95,66.29,31.79,0,0,9/22/2009,9/28/2009,1
20090915,48225,Houston County,TX,6.89,93.11,73.84,45.73,0,0,9/15/2009,9/21/2009,1
20090908,48225,Houston County,TX,5.28,94.72,73.84,45.73,25.94,0,9/8/2009,9/14/2009,1
20090901,48225,Houston County,TX,5.28,94.72,73.84,45.73,25.94,0,9/1/2009,9/7/2009,1
20090825,48225,Houston County,TX,5.46,94.54,73.84,45.73,25.94,0,8/25/2009,8/31/2009,1
20090818,48225,Houston County,TX,6.28,93.72,73.84,45.73,25.94,0,8/18/2009,8/24/2009,1
20090811,48225,Houston County,TX,6.28,93.72,73.84,45.73,25.94,0,8/11/2009,8/17/2009,1
20090804,48225,Houston County,TX,6.28,93.72,73.84,45.73,25.94,0,8/4/2009,8/10/2009,1
20090728,48225,Houston County,TX,0,100,61.11,29.04,0,0,7/28/2009,8/3/2009,1
20090721,48225,Houston County,TX,0,100,61.11,29.04,0,0,7/21/2009,7/27/2009,1
20090714,48225,Houston County,TX,0,100,100,58.62,0,0,7/14/2009,7/20/2009,1
20090707,48225,Houston County,TX,0,100,100,58.62,0,0,7/7/2009,7/13/2009,1
20090630,48225,Houston County,TX,0,100,81.43,58.52,0,0,6/30/2009,7/6/2009,1
20090623,48225,Houston County,TX,0,100,60.43,32.88,0,0,6/23/2009,6/29/2009,1
20090616,48225,Houston County,TX,11.71,88.29,60.43,32.88,0,0,6/16/2009,6/22/2009,1
20090609,48225,Houston County,TX,8.99,91.01,60.43,32.88,0,0,6/9/2009,6/15/2009,1
20090602,48225,Houston County,TX,13.16,86.84,37.99,0,0,0,6/2/2009,6/8/2009,1
20090526,48225,Houston County,TX,14.66,85.34,37.99,0,0,0,5/26/2009,6/1/2009,1
20090519,48225,Houston County,TX,30.73,69.27,37.99,0,0,0,5/19/2009,5/25/2009,1
20090512,48225,Houston County,TX,100,0,0,0,0,0,5/12/2009,5/18/2009,1
20090505,48225,Houston County,TX,100,0,0,0,0,0,5/5/2009,5/11/2009,1
20090428,48225,Houston County,TX,100,0,0,0,0,0,4/28/2009,5/4/2009,1
20090421,48225,Houston County,TX,100,0,0,0,0,0,4/21/2009,4/27/2009,1
20090414,48225,Houston County,TX,100,0,0,0,0,0,4/14/2009,4/20/2009,1
20090407,48225,Houston County,TX,38.37,61.63,0,0,0,0,4/7/2009,4/13/2009,1
20090331,48225,Houston County,TX,38.37,61.63,0,0,0,0,3/31/2009,4/6/2009,1
20090324,48225,Houston County,TX,0,100,0,0,0,0,3/24/2009,3/30/2009,1
20090317,48225,Houston County,TX,0,100,0,0,0,0,3/17/2009,3/23/2009,1
20090310,48225,Houston County,TX,0,100,100,0,0,0,3/10/2009,3/16/2009,1
20090303,48225,Houston County,TX,0,100,100,0,0,0,3/3/2009,3/9/2009,1
20090224,48225,Houston County,TX,0,100,6.66,0,0,0,2/24/2009,3/2/2009,1
20090217,48225,Houston County,TX,0,100,6.66,0,0,0,2/17/2009,2/23/2009,1
20090210,48225,Houston County,TX,0,100,7.07,0,0,0,2/10/2009,2/16/2009,1
20090203,48225,Houston County,TX,0,100,7.07,0,0,0,2/3/2009,2/9/2009,1
20090127,48225,Houston County,TX,0,100,6.02,0,0,0,1/27/2009,2/2/2009,1
20090120,48225,Houston County,TX,93.76,6.24,0,0,0,0,1/20/2009,1/26/2009,1
20090113,48225,Houston County,TX,100,0,0,0,0,0,1/13/2009,1/19/2009,1
20090106,48225,Houston County,TX,100,0,0,0,0,0,1/6/2009,1/12/2009,1
20081230,48225,Houston County,TX,100,0,0,0,0,0,12/30/2008,1/5/2009,1
20081223,48225,Houston County,TX,100,0,0,0,0,0,12/23/2008,12/29/2008,1
20081216,48225,Houston County,TX,100,0,0,0,0,0,12/16/2008,12/22/2008,1
20081209,48225,Houston County,TX,100,0,0,0,0,0,12/9/2008,12/15/2008,1
20081202,48225,Houston County,TX,100,0,0,0,0,0,12/2/2008,12/8/2008,1
20081125,48225,Houston County,TX,100,0,0,0,0,0,11/25/2008,12/1/2008,1
20081118,48225,Houston County,TX,100,0,0,0,0,0,11/18/2008,11/24/2008,1
20081111,48225,Houston County,TX,100,0,0,0,0,0,11/11/2008,11/17/2008,1
20081104,48225,Houston County,TX,100,0,0,0,0,0,11/4/2008,11/10/2008,1
20081028,48225,Houston County,TX,100,0,0,0,0,0,10/28/2008,11/3/2008,1
20081021,48225,Houston County,TX,100,0,0,0,0,0,10/21/2008,10/27/2008,1
20081014,48225,Houston County,TX,100,0,0,0,0,0,10/14/2008,10/20/2008,1
20081007,48225,Houston County,TX,100,0,0,0,0,0,10/7/2008,10/13/2008,1
20080930,48225,Houston County,TX,100,0,0,0,0,0,9/30/2008,10/6/2008,1
20080923,48225,Houston County,TX,100,0,0,0,0,0,9/23/2008,9/29/2008,1
20080916,48225,Houston County,TX,100,0,0,0,0,0,9/16/2008,9/22/2008,1
20080909,48225,Houston County,TX,100,0,0,0,0,0,9/9/2008,9/15/2008,1
20080902,48225,Houston County,TX,100,0,0,0,0,0,9/2/2008,9/8/2008,1
20080826,48225,Houston County,TX,100,0,0,0,0,0,8/26/2008,9/1/2008,1
20080819,48225,Houston County,TX,24.19,75.81,0,0,0,0,8/19/2008,8/25/2008,1
20080812,48225,Houston County,TX,0,100,75.15,0,0,0,8/12/2008,8/18/2008,1
20080805,48225,Houston County,TX,0,100,100,0,0,0,8/5/2008,8/11/2008,1
20080729,48225,Houston County,TX,0,100,100,0,0,0,7/29/2008,8/4/2008,1
20080722,48225,Houston County,TX,0,100,100,0,0,0,7/22/2008,7/28/2008,1
20080715,48225,Houston County,TX,0,100,0,0,0,0,7/15/2008,7/21/2008,1
20080708,48225,Houston County,TX,0,100,0,0,0,0,7/8/2008,7/14/2008,1
20080701,48225,Houston County,TX,0,100,0,0,0,0,7/1/2008,7/7/2008,1
20080624,48225,Houston County,TX,0,100,0,0,0,0,6/24/2008,6/30/2008,1
20080617,48225,Houston County,TX,0,100,0,0,0,0,6/17/2008,6/23/2008,1
20080610,48225,Houston County,TX,0,100,0,0,0,0,6/10/2008,6/16/2008,1
20080603,48225,Houston County,TX,43.65,56.35,0,0,0,0,6/3/2008,6/9/2008,1
20080527,48225,Houston County,TX,43.65,56.35,0,0,0,0,5/27/2008,6/2/2008,1
20080520,48225,Houston County,TX,100,0,0,0,0,0,5/20/2008,5/26/2008,1
20080513,48225,Houston County,TX,100,0,0,0,0,0,5/13/2008,5/19/2008,1
20080506,48225,Houston County,TX,100,0,0,0,0,0,5/6/2008,5/12/2008,1
20080429,48225,Houston County,TX,100,0,0,0,0,0,4/29/2008,5/5/2008,1
20080422,48225,Houston County,TX,100,0,0,0,0,0,4/22/2008,4/28/2008,1
20080415,48225,Houston County,TX,100,0,0,0,0,0,4/15/2008,4/21/2008,1
20080408,48225,Houston County,TX,100,0,0,0,0,0,4/8/2008,4/14/2008,1
20080401,48225,Houston County,TX,100,0,0,0,0,0,4/1/2008,4/7/2008,1
20080325,48225,Houston County,TX,100,0,0,0,0,0,3/25/2008,3/31/2008,1
20080318,48225,Houston County,TX,100,0,0,0,0,0,3/18/2008,3/24/2008,1
20080311,48225,Houston County,TX,100,0,0,0,0,0,3/11/2008,3/17/2008,1
20080304,48225,Houston County,TX,100,0,0,0,0,0,3/4/2008,3/10/2008,1
20080226,48225,Houston County,TX,100,0,0,0,0,0,2/26/2008,3/3/2008,1
20080219,48225,Houston County,TX,100,0,0,0,0,0,2/19/2008,2/25/2008,1
20080212,48225,Houston County,TX,100,0,0,0,0,0,2/12/2008,2/18/2008,1
20080205,48225,Houston County,TX,100,0,0,0,0,0,2/5/2008,2/11/2008,1
20080129,48225,Houston County,TX,100,0,0,0,0,0,1/29/2008,2/4/2008,1
20080122,48225,Houston County,TX,100,0,0,0,0,0,1/22/2008,1/28/2008,1
20080115,48225,Houston County,TX,100,0,0,0,0,0,1/15/2008,1/21/2008,1
20080108,48225,Houston County,TX,100,0,0,0,0,0,1/8/2008,1/14/2008,1
20080101,48225,Houston County,TX,100,0,0,0,0,0,1/1/2008,1/7/2008,1
20071225,48225,Houston County,TX,100,0,0,0,0,0,12/25/2007,12/31/2007,1
20071218,48225,Houston County,TX,100,0,0,0,0,0,12/18/2007,12/24/2007,1
20071211,48225,Houston County,TX,100,0,0,0,0,0,12/11/2007,12/17/2007,1
20071204,48225,Houston County,TX,100,0,0,0,0,0,12/4/2007,12/10/2007,1
20071127,48225,Houston County,TX,100,0,0,0,0,0,11/27/2007,12/3/2007,1
20071120,48225,Houston County,TX,0,100,0,0,0,0,11/20/2007,11/26/2007,1
20071113,48225,Houston County,TX,0,100,0,0,0,0,11/13/2007,11/19/2007,1
20071106,48225,Houston County,TX,0,100,0,0,0,0,11/6/2007,11/12/2007,1
20071030,48225,Houston County,TX,57.3,42.7,0,0,0,0,10/30/2007,11/5/2007,1
20071023,48225,Houston County,TX,100,0,0,0,0,0,10/23/2007,10/29/2007,1
20071016,48225,Houston County,TX,100,0,0,0,0,0,10/16/2007,10/22/2007,1
20071009,48225,Houston County,TX,100,0,0,0,0,0,10/9/2007,10/15/2007,1
20071002,48225,Houston County,TX,100,0,0,0,0,0,10/2/2007,10/8/2007,1
20070925,48225,Houston County,TX,100,0,0,0,0,0,9/25/2007,10/1/2007,1
20070918,48225,Houston County,TX,100,0,0,0,0,0,9/18/2007,9/24/2007,1
20070911,48225,Houston County,TX,100,0,0,0,0,0,9/11/2007,9/17/2007,1
20070904,48225,Houston County,TX,100,0,0,0,0,0,9/4/2007,9/10/2007,1
20070828,48225,Houston County,TX,100,0,0,0,0,0,8/28/2007,9/3/2007,1
20070821,48225,Houston County,TX,100,0,0,0,0,0,8/21/2007,8/27/2007,1
20070814,48225,Houston County,TX,100,0,0,0,0,0,8/14/2007,8/20/2007,1
20070807,48225,Houston County,TX,100,0,0,0,0,0,8/7/2007,8/13/2007,1
20070731,48225,Houston County,TX,100,0,0,0,0,0,7/31/2007,8/6/2007,1
20070724,48225,Houston County,TX,100,0,0,0,0,0,7/24/2007,7/30/2007,1
20070717,48225,Houston County,TX,100,0,0,0,0,0,7/17/2007,7/23/2007,1
20070710,48225,Houston County,TX,100,0,0,0,0,0,7/10/2007,7/16/2007,1
20070703,48225,Houston County,TX,100,0,0,0,0,0,7/3/2007,7/9/2007,1
20070626,48225,Houston County,TX,100,0,0,0,0,0,6/26/2007,7/2/2007,1
20070619,48225,Houston County,TX,100,0,0,0,0,0,6/19/2007,6/25/2007,1
20070612,48225,Houston County,TX,100,0,0,0,0,0,6/12/2007,6/18/2007,1
20070605,48225,Houston County,TX,100,0,0,0,0,0,6/5/2007,6/11/2007,1
20070529,48225,Houston County,TX,100,0,0,0,0,0,5/29/2007,6/4/2007,1
20070522,48225,Houston County,TX,100,0,0,0,0,0,5/22/2007,5/28/2007,1
20070515,48225,Houston County,TX,100,0,0,0,0,0,5/15/2007,5/21/2007,1
20070508,48225,Houston County,TX,100,0,0,0,0,0,5/8/2007,5/14/2007,1
20070501,48225,Houston County,TX,100,0,0,0,0,0,5/1/2007,5/7/2007,1
20070424,48225,Houston County,TX,100,0,0,0,0,0,4/24/2007,4/30/2007,1
20070417,48225,Houston County,TX,100,0,0,0,0,0,4/17/2007,4/23/2007,1
20070410,48225,Houston County,TX,100,0,0,0,0,0,4/10/2007,4/16/2007,1
20070403,48225,Houston County,TX,100,0,0,0,0,0,4/3/2007,4/9/2007,1
20070327,48225,Houston County,TX,55.58,44.42,0,0,0,0,3/27/2007,4/2/2007,1
20070320,48225,Houston County,TX,71.28,28.72,0,0,0,0,3/20/2007,3/26/2007,1
20070313,48225,Houston County,TX,71.28,28.72,0,0,0,0,3/13/2007,3/19/2007,1
20070306,48225,Houston County,TX,71.28,28.72,0,0,0,0,3/6/2007,3/12/2007,1
20070227,48225,Houston County,TX,100,0,0,0,0,0,2/27/2007,3/5/2007,1
20070220,48225,Houston County,TX,100,0,0,0,0,0,2/20/2007,2/26/2007,1
20070213,48225,Houston County,TX,100,0,0,0,0,0,2/13/2007,2/19/2007,1
20070206,48225,Houston County,TX,100,0,0,0,0,0,2/6/2007,2/12/2007,1
20070130,48225,Houston County,TX,100,0,0,0,0,0,1/30/2007,2/5/2007,1
20070123,48225,Houston County,TX,100,0,0,0,0,0,1/23/2007,1/29/2007,1
20070116,48225,Houston County,TX,100,0,0,0,0,0,1/16/2007,1/22/2007,1
20070109,48225,Houston County,TX,52.8,47.2,0.8,0,0,0,1/9/2007,1/15/2007,1
20070102,48225,Houston County,TX,0,100,33.26,0,0,0,1/2/2007,1/8/2007,1
20061226,48225,Houston County,TX,0,100,33.26,0,0,0,12/26/2006,1/1/2007,1
20061219,48225,Houston County,TX,0,100,33.26,0,0,0,12/19/2006,12/25/2006,1
20061212,48225,Houston County,TX,0,100,33.26,0,0,0,12/12/2006,12/18/2006,1
20061205,48225,Houston County,TX,0,100,46.97,0,0,0,12/5/2006,12/11/2006,1
20061128,48225,Houston County,TX,17.02,82.98,46.97,2.65,0,0,11/28/2006,12/4/2006,1
20061121,48225,Houston County,TX,18.16,81.84,45.43,2.65,0,0,11/21/2006,11/27/2006,1
20061114,48225,Houston County,TX,17.94,82.06,45.75,2.18,0,0,11/14/2006,11/20/2006,1
20061107,48225,Houston County,TX,17.94,82.06,45.75,2.18,0,0,11/7/2006,11/13/2006,1
20061031,48225,Houston County,TX,17.94,82.06,45.75,2.18,0,0,10/31/2006,11/6/2006,1
20061024,48225,Houston County,TX,0,100,72.83,40.13,0,0,10/24/2006,10/30/2006,1
20061017,48225,Houston County,TX,0,100,72.83,40.13,0,0,10/17/2006,10/23/2006,1
20061010,48225,Houston County,TX,0,100,100,75.86,0,0,10/10/2006,10/16/2006,1
20061003,48225,Houston County,TX,0,100,94.41,35.96,0,0,10/3/2006,10/9/2006,1
20060926,48225,Houston County,TX,0,100,94.41,35.96,0,0,9/26/2006,10/2/2006,1
20060919,48225,Houston County,TX,0,100,94.41,35.96,0,0,9/19/2006,9/25/2006,1
20060912,48225,Houston County,TX,0,100,100,100,1.05,0,9/12/2006,9/18/2006,1
20060905,48225,Houston County,TX,0,100,100,100,1.05,0,9/5/2006,9/11/2006,1
20060829,48225,Houston County,TX,0,100,100,100,0,0,8/29/2006,9/4/2006,1
20060822,48225,Houston County,TX,0,100,100,100,0,0,8/22/2006,8/28/2006,1
20060815,48225,Houston County,TX,0,100,100,65.81,0,0,8/15/2006,8/21/2006,1
20060808,48225,Houston County,TX,0,100,100,69.91,0,0,8/8/2006,8/14/2006,1
20060801,48225,Houston County,TX,0,100,100,69.91,0,0,8/1/2006,8/7/2006,1
20060725,48225,Houston County,TX,0,100,100,71.41,0,0,7/25/2006,7/31/2006,1
20060718,48225,Houston County,TX,0,100,100,99.59,0,0,7/18/2006,7/24/2006,1
20060711,48225,Houston County,TX,0,100,100,99.59,0,0,7/11/2006,7/17/2006,1
20060704,48225,Houston County,TX,0,100,100,80.3,0,0,7/4/2006,7/10/2006,1
20060627,48225,Houston County,TX,0,100,100,74.7,0,0,6/27/2006,7/3/2006,1
20060620,48225,Houston County,TX,0,100,100,74.7,0,0,6/20/2006,6/26/2006,1
20060613,48225,Houston County,TX,0,100,100,74.7,0,0,6/13/2006,6/19/2006,1
20060606,48225,Houston County,TX,0,100,100,52.07,0,0,6/6/2006,6/12/2006,1
20060530,48225,Houston County,TX,0,100,100,0,0,0,5/30/2006,6/5/2006,1
20060523,48225,Houston County,TX,0,100,100,0,0,0,5/23/2006,5/29/2006,1
20060516,48225,Houston County,TX,0,100,0,0,0,0,5/16/2006,5/22/2006,1
20060509,48225,Houston County,TX,0,100,0,0,0,0,5/9/2006,5/15/2006,1
20060502,48225,Houston County,TX,0,100,96.96,0,0,0,5/2/2006,5/8/2006,1
20060425,48225,Houston County,TX,0,100,100,0,0,0,4/25/2006,5/1/2006,1
20060418,48225,Houston County,TX,0,100,100,0,0,0,4/18/2006,4/24/2006,1
20060411,48225,Houston County,TX,0,100,100,0,0,0,4/11/2006,4/17/2006,1
20060404,48225,Houston County,TX,0,100,100,0,0,0,4/4/2006,4/10/2006,1
20060328,48225,Houston County,TX,0,100,100,0,0,0,3/28/2006,4/3/2006,1
20060321,48225,Houston County,TX,0,100,100,0,0,0,3/21/2006,3/27/2006,1
20060314,48225,Houston County,TX,0,100,100,0,0,0,3/14/2006,3/20/2006,1
20060307,48225,Houston County,TX,0,100,100,0,0,0,3/7/2006,3/13/2006,1
20060228,48225,Houston County,TX,0,100,100,0,0,0,2/28/2006,3/6/2006,1
20060221,48225,Houston County,TX,0,100,100,0,0,0,2/21/2006,2/27/2006,1
20060214,48225,Houston County,TX,0,100,100,0,0,0,2/14/2006,2/20/2006,1
20060207,48225,Houston County,TX,0,100,100,9.4,0,0,2/7/2006,2/13/2006,1
20060131,48225,Houston County,TX,0,100,100,100,0,0,1/31/2006,2/6/2006,1
20060124,48225,Houston County,TX,0,100,100,100,2.08,0,1/24/2006,1/30/2006,1
20060117,48225,Houston County,TX,0,100,100,100,2.08,0,1/17/2006,1/23/2006,1
20060110,48225,Houston County,TX,0,100,100,100,2.08,0,1/10/2006,1/16/2006,1
20060103,48225,Houston County,TX,0,100,100,100,0.17,0,1/3/2006,1/9/2006,1
20051227,48225,Houston County,TX,0,100,100,100,0,0,12/27/2005,1/2/2006,1
20051220,48225,Houston County,TX,0,100,100,100,0,0,12/20/2005,12/26/2005,1
20051213,48225,Houston County,TX,0,100,100,100,0,0,12/13/2005,12/19/2005,1
20051206,48225,Houston County,TX,0,100,100,99.28,0,0,12/6/2005,12/12/2005,1
20051129,48225,Houston County,TX,0,100,100,92.76,0,0,11/29/2005,12/5/2005,1
20051122,48225,Houston County,TX,0,100,100,92.76,0,0,11/22/2005,11/28/2005,1
20051115,48225,Houston County,TX,0,100,100,92.76,0,0,11/15/2005,11/21/2005,1
20051108,48225,Houston County,TX,0,100,100,0,0,0,11/8/2005,11/14/2005,1
20051101,48225,Houston County,TX,0,100,96.69,0,0,0,11/1/2005,11/7/2005,1
20051025,48225,Houston County,TX,0,100,96.69,0,0,0,10/25/2005,10/31/2005,1
20051018,48225,Houston County,TX,0,100,84.53,0,0,0,10/18/2005,10/24/2005,1
20051011,48225,Houston County,TX,0,100,80.06,0,0,0,10/11/2005,10/17/2005,1
20051004,48225,Houston County,TX,0,100,0,0,0,0,10/4/2005,10/10/2005,1
20050927,48225,Houston County,TX,0,100,0,0,0,0,9/27/2005,10/3/2005,1
20050920,48225,Houston County,TX,0,100,37.59,0,0,0,9/20/2005,9/26/2005,1
20050913,48225,Houston County,TX,0,100,0,0,0,0,9/13/2005,9/19/2005,1
20050906,48225,Houston County,TX,99.66,0.34,0,0,0,0,9/6/2005,9/12/2005,1
20050830,48225,Houston County,TX,98.4,1.6,0,0,0,0,8/30/2005,9/5/2005,1
20050823,48225,Houston County,TX,98.4,1.6,0,0,0,0,8/23/2005,8/29/2005,1
20050816,48225,Houston County,TX,99.93,0.07,0,0,0,0,8/16/2005,8/22/2005,1
20050809,48225,Houston County,TX,0,100,85.08,0,0,0,8/9/2005,8/15/2005,1
20050802,48225,Houston County,TX,0,100,100,0,0,0,8/2/2005,8/8/2005,1
20050726,48225,Houston County,TX,0,100,100,0,0,0,7/26/2005,8/1/2005,1
20050719,48225,Houston County,TX,0,100,100,0,0,0,7/19/2005,7/25/2005,1
20050712,48225,Houston County,TX,0,100,100,13.63,0,0,7/12/2005,7/18/2005,1
20050705,48225,Houston County,TX,0,100,100,24.92,0,0,7/5/2005,7/11/2005,1
20050628,48225,Houston County,TX,0,100,100,0,0,0,6/28/2005,7/4/2005,1
20050621,48225,Houston County,TX,0,100,100,0,0,0,6/21/2005,6/27/2005,1
20050614,48225,Houston County,TX,0,100,93.6,0,0,0,6/14/2005,6/20/2005,1
20050607,48225,Houston County,TX,0,100,0,0,0,0,6/7/2005,6/13/2005,1
20050531,48225,Houston County,TX,0,100,0,0,0,0,5/31/2005,6/6/2005,1
20050524,48225,Houston County,TX,0,100,0,0,0,0,5/24/2005,5/30/2005,1
20050517,48225,Houston County,TX,0,100,0,0,0,0,5/17/2005,5/23/2005,1
20050510,48225,Houston County,TX,100,0,0,0,0,0,5/10/2005,5/16/2005,1
20050503,48225,Houston County,TX,0,100,0,0,0,0,5/3/2005,5/9/2005,1
20050426,48225,Houston County,TX,99.82,0.18,0,0,0,0,4/26/2005,5/2/2005,1
20050419,48225,Houston County,TX,100,0,0,0,0,0,4/19/2005,4/25/2005,1
20050412,48225,Houston County,TX,100,0,0,0,0,0,4/12/2005,4/18/2005,1
20050405,48225,Houston County,TX,100,0,0,0,0,0,4/5/2005,4/11/2005,1
20050329,48225,Houston County,TX,100,0,0,0,0,0,3/29/2005,4/4/2005,1
20050322,48225,Houston County,TX,100,0,0,0,0,0,3/22/2005,3/28/2005,1
20050315,48225,Houston County,TX,100,0,0,0,0,0,3/15/2005,3/21/2005,1
20050308,48225,Houston County,TX,100,0,0,0,0,0,3/8/2005,3/14/2005,1
20050301,48225,Houston County,TX,100,0,0,0,0,0,3/1/2005,3/7/2005,1
20050222,48225,Houston County,TX,100,0,0,0,0,0,2/22/2005,2/28/2005,1
20050215,48225,Houston County,TX,100,0,0,0,0,0,2/15/2005,2/21/2005,1
20050208,48225,Houston County,TX,100,0,0,0,0,0,2/8/2005,2/14/2005,1
20050201,48225,Houston County,TX,100,0,0,0,0,0,2/1/2005,2/7/2005,1
20050125,48225,Houston County,TX,100,0,0,0,0,0,1/25/2005,1/31/2005,1
20050118,48225,Houston County,TX,100,0,0,0,0,0,1/18/2005,1/24/2005,1
20050111,48225,Houston County,TX,100,0,0,0,0,0,1/11/2005,1/17/2005,1
20050104,48225,Houston County,TX,100,0,0,0,0,0,1/4/2005,1/10/2005,1
20041228,48225,Houston County,TX,100,0,0,0,0,0,12/28/2004,1/3/2005,1
20041221,48225,Houston County,TX,100,0,0,0,0,0,12/21/2004,12/27/2004,1
20041214,48225,Houston County,TX,100,0,0,0,0,0,12/14/2004,12/20/2004,1
20041207,48225,Houston County,TX,100,0,0,0,0,0,12/7/2004,12/13/2004,1
20041130,48225,Houston County,TX,100,0,0,0,0,0,11/30/2004,12/6/2004,1
20041123,48225,Houston County,TX,100,0,0,0,0,0,11/23/2004,11/29/2004,1
20041116,48225,Houston County,TX,100,0,0,0,0,0,11/16/2004,11/22/2004,1
20041109,48225,Houston County,TX,100,0,0,0,0,0,11/9/2004,11/15/2004,1
20041102,48225,Houston County,TX,100,0,0,0,0,0,11/2/2004,11/8/2004,1
20041026,48225,Houston County,TX,100,0,0,0,0,0,10/26/2004,11/1/2004,1
20041019,48225,Houston County,TX,100,0,0,0,0,0,10/19/2004,10/25/2004,1
20041012,48225,Houston County,TX,100,0,0,0,0,0,10/12/2004,10/18/2004,1
20041005,48225,Houston County,TX,100,0,0,0,0,0,10/5/2004,10/11/2004,1
20040928,48225,Houston County,TX,100,0,0,0,0,0,9/28/2004,10/4/2004,1
20040921,48225,Houston County,TX,100,0,0,0,0,0,9/21/2004,9/27/2004,1
20040914,48225,Houston County,TX,100,0,0,0,0,0,9/14/2004,9/20/2004,1
20040907,48225,Houston County,TX,100,0,0,0,0,0,9/7/2004,9/13/2004,1
20040831,48225,Houston County,TX,100,0,0,0,0,0,8/31/2004,9/6/2004,1
20040824,48225,Houston County,TX,100,0,0,0,0,0,8/24/2004,8/30/2004,1
20040817,48225,Houston County,TX,100,0,0,0,0,0,8/17/2004,8/23/2004,1
20040810,48225,Houston County,TX,100,0,0,0,0,0,8/10/2004,8/16/2004,1
20040803,48225,Houston County,TX,100,0,0,0,0,0,8/3/2004,8/9/2004,1
20040727,48225,Houston County,TX,100,0,0,0,0,0,7/27/2004,8/2/2004,1
20040720,48225,Houston County,TX,100,0,0,0,0,0,7/20/2004,7/26/2004,1
20040713,48225,Houston County,TX,100,0,0,0,0,0,7/13/2004,7/19/2004,1
20040706,48225,Houston County,TX,100,0,0,0,0,0,7/6/2004,7/12/2004,1
20040629,48225,Houston County,TX,100,0,0,0,0,0,6/29/2004,7/5/2004,1
20040622,48225,Houston County,TX,100,0,0,0,0,0,6/22/2004,6/28/2004,1
20040615,48225,Houston County,TX,100,0,0,0,0,0,6/15/2004,6/21/2004,1
20040608,48225,Houston County,TX,100,0,0,0,0,0,6/8/2004,6/14/2004,1
20040601,48225,Houston County,TX,100,0,0,0,0,0,6/1/2004,6/7/2004,1
20040525,48225,Houston County,TX,100,0,0,0,0,0,5/25/2004,5/31/2004,1
20040518,48225,Houston County,TX,100,0,0,0,0,0,5/18/2004,5/24/2004,1
20040511,48225,Houston County,TX,100,0,0,0,0,0,5/11/2004,5/17/2004,1
20040504,48225,Houston County,TX,100,0,0,0,0,0,5/4/2004,5/10/2004,1
20040427,48225,Houston County,TX,100,0,0,0,0,0,4/27/2004,5/3/2004,1
20040420,48225,Houston County,TX,100,0,0,0,0,0,4/20/2004,4/26/2004,1
20040413,48225,Houston County,TX,100,0,0,0,0,0,4/13/2004,4/19/2004,1
20040406,48225,Houston County,TX,100,0,0,0,0,0,4/6/2004,4/12/2004,1
20040330,48225,Houston County,TX,100,0,0,0,0,0,3/30/2004,4/5/2004,1
20040323,48225,Houston County,TX,100,0,0,0,0,0,3/23/2004,3/29/2004,1
20040316,48225,Houston County,TX,100,0,0,0,0,0,3/16/2004,3/22/2004,1
20040309,48225,Houston County,TX,100,0,0,0,0,0,3/9/2004,3/15/2004,1
20040302,48225,Houston County,TX,100,0,0,0,0,0,3/2/2004,3/8/2004,1
20040224,48225,Houston County,TX,100,0,0,0,0,0,2/24/2004,3/1/2004,1
20040217,48225,Houston County,TX,100,0,0,0,0,0,2/17/2004,2/23/2004,1
20040210,48225,Houston County,TX,100,0,0,0,0,0,2/10/2004,2/16/2004,1
20040203,48225,Houston County,TX,100,0,0,0,0,0,2/3/2004,2/9/2004,1
20040127,48225,Houston County,TX,100,0,0,0,0,0,1/27/2004,2/2/2004,1
20040120,48225,Houston County,TX,100,0,0,0,0,0,1/20/2004,1/26/2004,1
20040113,48225,Houston County,TX,100,0,0,0,0,0,1/13/2004,1/19/2004,1
20040106,48225,Houston County,TX,100,0,0,0,0,0,1/6/2004,1/12/2004,1
20031230,48225,Houston County,TX,100,0,0,0,0,0,12/30/2003,1/5/2004,1
20031223,48225,Houston County,TX,100,0,0,0,0,0,12/23/2003,12/29/2003,1
20031216,48225,Houston County,TX,100,0,0,0,0,0,12/16/2003,12/22/2003,1
20031209,48225,Houston County,TX,100,0,0,0,0,0,12/9/2003,12/15/2003,1
20031202,48225,Houston County,TX,100,0,0,0,0,0,12/2/2003,12/8/2003,1
20031125,48225,Houston County,TX,100,0,0,0,0,0,11/25/2003,12/1/2003,1
20031118,48225,Houston County,TX,100,0,0,0,0,0,11/18/2003,11/24/2003,1
20031111,48225,Houston County,TX,53.29,46.71,0,0,0,0,11/11/2003,11/17/2003,1
20031104,48225,Houston County,TX,100,0,0,0,0,0,11/4/2003,11/10/2003,1
20031028,48225,Houston County,TX,100,0,0,0,0,0,10/28/2003,11/3/2003,1
20031021,48225,Houston County,TX,100,0,0,0,0,0,10/21/2003,10/27/2003,1
20031014,48225,Houston County,TX,100,0,0,0,0,0,10/14/2003,10/20/2003,1
20031007,48225,Houston County,TX,100,0,0,0,0,0,10/7/2003,10/13/2003,1
20030930,48225,Houston County,TX,100,0,0,0,0,0,9/30/2003,10/6/2003,1
20030923,48225,Houston County,TX,100,0,0,0,0,0,9/23/2003,9/29/2003,1
20030916,48225,Houston County,TX,100,0,0,0,0,0,9/16/2003,9/22/2003,1
20030909,48225,Houston County,TX,100,0,0,0,0,0,9/9/2003,9/15/2003,1
20030902,48225,Houston County,TX,100,0,0,0,0,0,9/2/2003,9/8/2003,1
20030826,48225,Houston County,TX,5.34,94.66,0,0,0,0,8/26/2003,9/1/2003,1
20030819,48225,Houston County,TX,0.26,99.74,0,0,0,0,8/19/2003,8/25/2003,1
20030812,48225,Houston County,TX,20,80,0,0,0,0,8/12/2003,8/18/2003,1
20030805,48225,Houston County,TX,0,100,0,0,0,0,8/5/2003,8/11/2003,1
20030729,48225,Houston County,TX,100,0,0,0,0,0,7/29/2003,8/4/2003,1
20030722,48225,Houston County,TX,100,0,0,0,0,0,7/22/2003,7/28/2003,1
20030715,48225,Houston County,TX,100,0,0,0,0,0,7/15/2003,7/21/2003,1
20030708,48225,Houston County,TX,100,0,0,0,0,0,7/8/2003,7/14/2003,1
20030701,48225,Houston County,TX,0,100,0,0,0,0,7/1/2003,7/7/2003,1
20030624,48225,Houston County,TX,0,100,3.37,0,0,0,6/24/2003,6/30/2003,1
20030617,48225,Houston County,TX,0,100,4.79,0,0,0,6/17/2003,6/23/2003,1
20030610,48225,Houston County,TX,0,100,100,0,0,0,6/10/2003,6/16/2003,1
20030603,48225,Houston County,TX,0,100,100,0,0,0,6/3/2003,6/9/2003,1
20030527,48225,Houston County,TX,0,100,49.57,0,0,0,5/27/2003,6/2/2003,1
20030520,48225,Houston County,TX,0,100,39.79,0,0,0,5/20/2003,5/26/2003,1
20030513,48225,Houston County,TX,0,100,0.23,0,0,0,5/13/2003,5/19/2003,1
20030506,48225,Houston County,TX,0,100,0,0,0,0,5/6/2003,5/12/2003,1
20030429,48225,Houston County,TX,0,100,0,0,0,0,4/29/2003,5/5/2003,1
20030422,48225,Houston County,TX,100,0,0,0,0,0,4/22/2003,4/28/2003,1
20030415,48225,Houston County,TX,100,0,0,0,0,0,4/15/2003,4/21/2003,1
20030408,48225,Houston County,TX,100,0,0,0,0,0,4/8/2003,4/14/2003,1
20030401,48225,Houston County,TX,100,0,0,0,0,0,4/1/2003,4/7/2003,1
20030325,48225,Houston County,TX,100,0,0,0,0,0,3/25/2003,3/31/2003,1
20030318,48225,Houston County,TX,100,0,0,0,0,0,3/18/2003,3/24/2003,1
20030311,48225,Houston County,TX,100,0,0,0,0,0,3/11/2003,3/17/2003,1
20030304,48225,Houston County,TX,100,0,0,0,0,0,3/4/2003,3/10/2003,1
20030225,48225,Houston County,TX,100,0,0,0,0,0,2/25/2003,3/3/2003,1
20030218,48225,Houston County,TX,100,0,0,0,0,0,2/18/2003,2/24/2003,1
20030211,48225,Houston County,TX,100,0,0,0,0,0,2/11/2003,2/17/2003,1
20030204,48225,Houston County,TX,100,0,0,0,0,0,2/4/2003,2/10/2003,1
20030128,48225,Houston County,TX,100,0,0,0,0,0,1/28/2003,2/3/2003,1
20030121,48225,Houston County,TX,100,0,0,0,0,0,1/21/2003,1/27/2003,1
20030114,48225,Houston County,TX,100,0,0,0,0,0,1/14/2003,1/20/2003,1
20030107,48225,Houston County,TX,100,0,0,0,0,0,1/7/2003,1/13/2003,1
20021231,48225,Houston County,TX,100,0,0,0,0,0,12/31/2002,1/6/2003,1
20021224,48225,Houston County,TX,100,0,0,0,0,0,12/24/2002,12/30/2002,1
20021217,48225,Houston County,TX,100,0,0,0,0,0,12/17/2002,12/23/2002,1
20021210,48225,Houston County,TX,100,0,0,0,0,0,12/10/2002,12/16/2002,1
20021203,48225,Houston County,TX,100,0,0,0,0,0,12/3/2002,12/9/2002,1
20021126,48225,Houston County,TX,100,0,0,0,0,0,11/26/2002,12/2/2002,1
20021119,48225,Houston County,TX,100,0,0,0,0,0,11/19/2002,11/25/2002,1
20021112,48225,Houston County,TX,100,0,0,0,0,0,11/12/2002,11/18/2002,1
20021105,48225,Houston County,TX,100,0,0,0,0,0,11/5/2002,11/11/2002,1
20021029,48225,Houston County,TX,100,0,0,0,0,0,10/29/2002,11/4/2002,1
20021022,48225,Houston County,TX,100,0,0,0,0,0,10/22/2002,10/28/2002,1
20021015,48225,Houston County,TX,100,0,0,0,0,0,10/15/2002,10/21/2002,1
20021008,48225,Houston County,TX,100,0,0,0,0,0,10/8/2002,10/14/2002,1
20021001,48225,Houston County,TX,100,0,0,0,0,0,10/1/2002,10/7/2002,1
20020924,48225,Houston County,TX,100,0,0,0,0,0,9/24/2002,9/30/2002,1
20020917,48225,Houston County,TX,100,0,0,0,0,0,9/17/2002,9/23/2002,1
20020910,48225,Houston County,TX,100,0,0,0,0,0,9/10/2002,9/16/2002,1
20020903,48225,Houston County,TX,100,0,0,0,0,0,9/3/2002,9/9/2002,1
20020827,48225,Houston County,TX,100,0,0,0,0,0,8/27/2002,9/2/2002,1
20020820,48225,Houston County,TX,100,0,0,0,0,0,8/20/2002,8/26/2002,1
20020813,48225,Houston County,TX,100,0,0,0,0,0,8/13/2002,8/19/2002,1
20020806,48225,Houston County,TX,100,0,0,0,0,0,8/6/2002,8/12/2002,1
20020730,48225,Houston County,TX,100,0,0,0,0,0,7/30/2002,8/5/2002,1
20020723,48225,Houston County,TX,100,0,0,0,0,0,7/23/2002,7/29/2002,1
20020716,48225,Houston County,TX,100,0,0,0,0,0,7/16/2002,7/22/2002,1
20020709,48225,Houston County,TX,89.55,10.45,0,0,0,0,7/9/2002,7/15/2002,1
20020702,48225,Houston County,TX,100,0,0,0,0,0,7/2/2002,7/8/2002,1
20020625,48225,Houston County,TX,100,0,0,0,0,0,6/25/2002,7/1/2002,1
20020618,48225,Houston County,TX,100,0,0,0,0,0,6/18/2002,6/24/2002,1
20020611,48225,Houston County,TX,29.4,70.6,0,0,0,0,6/11/2002,6/17/2002,1
20020604,48225,Houston County,TX,79.56,20.44,0,0,0,0,6/4/2002,6/10/2002,1
20020528,48225,Houston County,TX,0,100,6.45,0,0,0,5/28/2002,6/3/2002,1
20020521,48225,Houston County,TX,0,100,1.06,0,0,0,5/21/2002,5/27/2002,1
20020514,48225,Houston County,TX,0,100,0.62,0,0,0,5/14/2002,5/20/2002,1
20020507,48225,Houston County,TX,0,100,0,0,0,0,5/7/2002,5/13/2002,1
20020430,48225,Houston County,TX,100,0,0,0,0,0,4/30/2002,5/6/2002,1
20020423,48225,Houston County,TX,100,0,0,0,0,0,4/23/2002,4/29/2002,1
20020416,48225,Houston County,TX,100,0,0,0,0,0,4/16/2002,4/22/2002,1
20020409,48225,Houston County,TX,100,0,0,0,0,0,4/9/2002,4/15/2002,1
20020402,48225,Houston County,TX,100,0,0,0,0,0,4/2/2002,4/8/2002,1
20020326,48225,Houston County,TX,100,0,0,0,0,0,3/26/2002,4/1/2002,1
20020319,48225,Houston County,TX,100,0,0,0,0,0,3/19/2002,3/25/2002,1
20020312,48225,Houston County,TX,100,0,0,0,0,0,3/12/2002,3/18/2002,1
20020305,48225,Houston County,TX,100,0,0,0,0,0,3/5/2002,3/11/2002,1
20020226,48225,Houston County,TX,100,0,0,0,0,0,2/26/2002,3/4/2002,1
20020219,48225,Houston County,TX,100,0,0,0,0,0,2/19/2002,2/25/2002,1
20020212,48225,Houston County,TX,100,0,0,0,0,0,2/12/2002,2/18/2002,1
20020205,48225,Houston County,TX,100,0,0,0,0,0,2/5/2002,2/11/2002,1
20020129,48225,Houston County,TX,100,0,0,0,0,0,1/29/2002,2/4/2002,1
20020122,48225,Houston County,TX,100,0,0,0,0,0,1/22/2002,1/28/2002,1
20020115,48225,Houston County,TX,100,0,0,0,0,0,1/15/2002,1/21/2002,1
20020108,48225,Houston County,TX,100,0,0,0,0,0,1/8/2002,1/14/2002,1
20020101,48225,Houston County,TX,100,0,0,0,0,0,1/1/2002,1/7/2002,1
20011225,48225,Houston County,TX,100,0,0,0,0,0,12/25/2001,12/31/2001,1
20011218,48225,Houston County,TX,100,0,0,0,0,0,12/18/2001,12/24/2001,1
20011211,48225,Houston County,TX,100,0,0,0,0,0,12/11/2001,12/17/2001,1
20011204,48225,Houston County,TX,100,0,0,0,0,0,12/4/2001,12/10/2001,1
20011127,48225,Houston County,TX,100,0,0,0,0,0,11/27/2001,12/3/2001,1
20011120,48225,Houston County,TX,100,0,0,0,0,0,11/20/2001,11/26/2001,1
20011113,48225,Houston County,TX,100,0,0,0,0,0,11/13/2001,11/19/2001,1
20011106,48225,Houston County,TX,100,0,0,0,0,0,11/6/2001,11/12/2001,1
20011030,48225,Houston County,TX,100,0,0,0,0,0,10/30/2001,11/5/2001,1
20011023,48225,Houston County,TX,100,0,0,0,0,0,10/23/2001,10/29/2001,1
20011016,48225,Houston County,TX,100,0,0,0,0,0,10/16/2001,10/22/2001,1
20011009,48225,Houston County,TX,100,0,0,0,0,0,10/9/2001,10/15/2001,1
20011002,48225,Houston County,TX,100,0,0,0,0,0,10/2/2001,10/8/2001,1
20010925,48225,Houston County,TX,100,0,0,0,0,0,9/25/2001,10/1/2001,1
20010918,48225,Houston County,TX,100,0,0,0,0,0,9/18/2001,9/24/2001,1
20010911,48225,Houston County,TX,100,0,0,0,0,0,9/11/2001,9/17/2001,1
20010904,48225,Houston County,TX,100,0,0,0,0,0,9/4/2001,9/10/2001,1
20010828,48225,Houston County,TX,34.43,65.57,0,0,0,0,8/28/2001,9/3/2001,1
20010821,48225,Houston County,TX,97.12,2.88,0,0,0,0,8/21/2001,8/27/2001,1
20010814,48225,Houston County,TX,93.33,6.67,0,0,0,0,8/14/2001,8/20/2001,1
20010807,48225,Houston County,TX,8.55,91.45,10.8,0,0,0,8/7/2001,8/13/2001,1
20010731,48225,Houston County,TX,86.05,13.95,0,0,0,0,7/31/2001,8/6/2001,1
20010724,48225,Houston County,TX,100,0,0,0,0,0,7/24/2001,7/30/2001,1
20010717,48225,Houston County,TX,100,0,0,0,0,0,7/17/2001,7/23/2001,1
20010710,48225,Houston County,TX,100,0,0,0,0,0,7/10/2001,7/16/2001,1
20010703,48225,Houston County,TX,100,0,0,0,0,0,7/3/2001,7/9/2001,1
20010626,48225,Houston County,TX,100,0,0,0,0,0,6/26/2001,7/2/2001,1
20010619,48225,Houston County,TX,100,0,0,0,0,0,6/19/2001,6/25/2001,1
20010612,48225,Houston County,TX,100,0,0,0,0,0,6/12/2001,6/18/2001,1
20010605,48225,Houston County,TX,100,0,0,0,0,0,6/5/2001,6/11/2001,1
20010529,48225,Houston County,TX,100,0,0,0,0,0,5/29/2001,6/4/2001,1
20010522,48225,Houston County,TX,100,0,0,0,0,0,5/22/2001,5/28/2001,1
20010515,48225,Houston County,TX,100,0,0,0,0,0,5/15/2001,5/21/2001,1
20010508,48225,Houston County,TX,100,0,0,0,0,0,5/8/2001,5/14/2001,1
20010501,48225,Houston County,TX,100,0,0,0,0,0,5/1/2001,5/7/2001,1
20010424,48225,Houston County,TX,100,0,0,0,0,0,4/24/2001,4/30/2001,1
20010417,48225,Houston County,TX,100,0,0,0,0,0,4/17/2001,4/23/2001,1
20010410,48225,Houston County,TX,100,0,0,0,0,0,4/10/2001,4/16/2001,1
20010403,48225,Houston County,TX,100,0,0,0,0,0,4/3/2001,4/9/2001,1
20010327,48225,Houston County,TX,100,0,0,0,0,0,3/27/2001,4/2/2001,1
20010320,48225,Houston County,TX,100,0,0,0,0,0,3/20/2001,3/26/2001,1
20010313,48225,Houston County,TX,100,0,0,0,0,0,3/13/2001,3/19/2001,1
20010306,48225,Houston County,TX,100,0,0,0,0,0,3/6/2001,3/12/2001,1
20010227,48225,Houston County,TX,100,0,0,0,0,0,2/27/2001,3/5/2001,1
20010220,48225,Houston County,TX,100,0,0,0,0,0,2/20/2001,2/26/2001,1
20010213,48225,Houston County,TX,100,0,0,0,0,0,2/13/2001,2/19/2001,1
20010206,48225,Houston County,TX,100,0,0,0,0,0,2/6/2001,2/12/2001,1
20010130,48225,Houston County,TX,100,0,0,0,0,0,1/30/2001,2/5/2001,1
20010123,48225,Houston County,TX,100,0,0,0,0,0,1/23/2001,1/29/2001,1
20010116,48225,Houston County,TX,100,0,0,0,0,0,1/16/2001,1/22/2001,1
20010109,48225,Houston County,TX,100,0,0,0,0,0,1/9/2001,1/15/2001,1
20010102,48225,Houston County,TX,100,0,0,0,0,0,1/2/2001,1/8/2001,1
20001226,48225,Houston County,TX,100,0,0,0,0,0,12/26/2000,1/1/2001,1
20001219,48225,Houston County,TX,100,0,0,0,0,0,12/19/2000,12/25/2000,1
20001212,48225,Houston County,TX,100,0,0,0,0,0,12/12/2000,12/18/2000,1
20001205,48225,Houston County,TX,100,0,0,0,0,0,12/5/2000,12/11/2000,1
20001128,48225,Houston County,TX,100,0,0,0,0,0,11/28/2000,12/4/2000,1
20001121,48225,Houston County,TX,100,0,0,0,0,0,11/21/2000,11/27/2000,1
20001114,48225,Houston County,TX,100,0,0,0,0,0,11/14/2000,11/20/2000,1
20001107,48225,Houston County,TX,100,0,0,0,0,0,11/7/2000,11/13/2000,1
20001031,48225,Houston County,TX,0,100,100,12.12,0,0,10/31/2000,11/6/2000,1
20001024,48225,Houston County,TX,0,100,100,0,0,0,10/24/2000,10/30/2000,1
20001017,48225,Houston County,TX,0,100,100,4.17,0,0,10/17/2000,10/23/2000,1
20001010,48225,Houston County,TX,0,100,100,100,0,0,10/10/2000,10/16/2000,1
20001003,48225,Houston County,TX,0,100,100,100,0,0,10/3/2000,10/9/2000,1
20000926,48225,Houston County,TX,0,100,100,100,0,0,9/26/2000,10/2/2000,1
20000919,48225,Houston County,TX,0,100,100,100,0,0,9/19/2000,9/25/2000,1
20000912,48225,Houston County,TX,0,100,100,100,0,0,9/12/2000,9/18/2000,1
20000905,48225,Houston County,TX,0,100,100,1.99,0,0,9/5/2000,9/11/2000,1
20000829,48225,Houston County,TX,0,100,0,0,0,0,8/29/2000,9/4/2000,1
20000822,48225,Houston County,TX,0,100,0,0,0,0,8/22/2000,8/28/2000,1
20000815,48225,Houston County,TX,0,100,0,0,0,0,8/15/2000,8/21/2000,1
20000808,48225,Houston County,TX,0,100,0,0,0,0,8/8/2000,8/14/2000,1
20000801,48225,Houston County,TX,9.14,90.86,0,0,0,0,8/1/2000,8/7/2000,1
20000725,48225,Houston County,TX,46.82,53.18,0,0,0,0,7/25/2000,7/31/2000,1
20000718,48225,Houston County,TX,46.82,53.18,0,0,0,0,7/18/2000,7/24/2000,1
20000711,48225,Houston County,TX,100,0,0,0,0,0,7/11/2000,7/17/2000,1
20000704,48225,Houston County,TX,100,0,0,0,0,0,7/4/2000,7/10/2000,1
20000627,48225,Houston County,TX,100,0,0,0,0,0,6/27/2000,7/3/2000,1
20000620,48225,Houston County,TX,100,0,0,0,0,0,6/20/2000,6/26/2000,1
20000613,48225,Houston County,TX,100,0,0,0,0,0,6/13/2000,6/19/2000,1
20000606,48225,Houston County,TX,100,0,0,0,0,0,6/6/2000,6/12/2000,1
20000530,48225,Houston County,TX,90.52,9.48,0,0,0,0,5/30/2000,6/5/2000,1
20000523,48225,Houston County,TX,50.83,49.17,0,0,0,0,5/23/2000,5/29/2000,1
20000516,48225,Houston County,TX,0,100,0,0,0,0,5/16/2000,5/22/2000,1
20000509,48225,Houston County,TX,0,100,0,0,0,0,5/9/2000,5/15/2000,1
20000502,48225,Houston County,TX,0,100,99.64,0,0,0,5/2/2000,5/8/2000,1
20000425,48225,Houston County,TX,0,100,99.64,0,0,0,4/25/2000,5/1/2000,1
20000418,48225,Houston County,TX,0,100,100,0,0,0,4/18/2000,4/24/2000,1
20000411,48225,Houston County,TX,0,100,100,0,0,0,4/11/2000,4/17/2000,1
20000404,48225,Houston County,TX,0,100,100,0,0,0,4/4/2000,4/10/2000,1
20000328,48225,Houston County,TX,0,100,100,0,0,0,3/28/2000,4/3/2000,1
20000321,48225,Houston County,TX,0,100,100,63.17,0,0,3/21/2000,3/27/2000,1
20000314,48225,Houston County,TX,0,100,100,100,0,0,3/14/2000,3/20/2000,1
20000307,48225,Houston County,TX,0,100,100,100,0,0,3/7/2000,3/13/2000,1
20000229,48225,Houston County,TX,0,100,100,100,0,0,2/29/2000,3/6/2000,1
20000222,48225,Houston County,TX,0,100,100,100,0,0,2/22/2000,2/28/2000,1
20000215,48225,Houston County,TX,0,100,100,100,0,0,2/15/2000,2/21/2000,1
20000208,48225,Houston County,TX,0,100,100,100,0,0,2/8/2000,2/14/2000,1
20000201,48225,Houston County,TX,0,100,100,100,0,0,2/1/2000,2/7/2000,1
20000125,48225,Houston County,TX,0,100,100,100,0,0,1/25/2000,1/31/2000,1
20000118,48225,Houston County,TX,0,100,100,100,0,0,1/18/2000,1/24/2000,1
20000111,48225,Houston County,TX,0,100,100,100,0,0,1/11/2000,1/17/2000,1
20000104,48225,Houston County,TX,0,100,100,100,0,0,1/4/2000,1/10/2000,1
